year,sex,level_of_school,age,no_of_teachers
1996,MF,PRE-UNIVERSITY,24 YEARS & BELOW,83
1996,F,PRE-UNIVERSITY,24 YEARS & BELOW,71
1996,MF,PRE-UNIVERSITY,25 - 29,354
1996,F,PRE-UNIVERSITY,25 - 29,208
1996,MF,PRE-UNIVERSITY,30 - 34,291
1996,F,PRE-UNIVERSITY,30 - 34,188
1996,MF,PRE-UNIVERSITY,35 - 39,252
1996,F,PRE-UNIVERSITY,35 - 39,170
1996,MF,PRE-UNIVERSITY,40 - 44,214
1996,F,PRE-UNIVERSITY,40 - 44,144
1996,MF,PRE-UNIVERSITY,45 - 49,211
1996,F,PRE-UNIVERSITY,45 - 49,108
1996,MF,PRE-UNIVERSITY,50 - 54,118
1996,F,PRE-UNIVERSITY,50 - 54,52
1996,MF,PRE-UNIVERSITY,55 & ABOVE,52
1996,F,PRE-UNIVERSITY,55 & ABOVE,14
1996,MF,PRIMARY,24 YEARS & BELOW,1101
1996,F,PRIMARY,24 YEARS & BELOW,1042
1996,MF,PRIMARY,25 - 29,1548
1996,F,PRIMARY,25 - 29,1355
1996,MF,PRIMARY,30 - 34,785
1996,F,PRIMARY,30 - 34,675
1996,MF,PRIMARY,35 - 39,706
1996,F,PRIMARY,35 - 39,611
1996,MF,PRIMARY,40 - 44,523
1996,F,PRIMARY,40 - 44,482
1996,MF,PRIMARY,45 - 49,2307
1996,F,PRIMARY,45 - 49,1862
1996,MF,PRIMARY,50 - 54,1922
1996,F,PRIMARY,50 - 54,1237
1996,MF,PRIMARY,55 & ABOVE,1271
1996,F,PRIMARY,55 & ABOVE,604
1996,MF,SECONDARY,24 YEARS & BELOW,592
1996,F,SECONDARY,24 YEARS & BELOW,555
1996,MF,SECONDARY,25 - 29,1309
1996,F,SECONDARY,25 - 29,895
1996,MF,SECONDARY,30 - 34,1081
1996,F,SECONDARY,30 - 34,809
1996,MF,SECONDARY,35 - 39,1222
1996,F,SECONDARY,35 - 39,949
1996,MF,SECONDARY,40 - 44,948
1996,F,SECONDARY,40 - 44,684
1996,MF,SECONDARY,45 - 49,1583
1996,F,SECONDARY,45 - 49,922
1996,MF,SECONDARY,50 - 54,1197
1996,F,SECONDARY,50 - 54,503
1996,MF,SECONDARY,55 & ABOVE,791
1996,F,SECONDARY,55 & ABOVE,255
1997,MF,PRE-UNIVERSITY,24 YEARS & BELOW,108
1997,F,PRE-UNIVERSITY,24 YEARS & BELOW,97
1997,MF,PRE-UNIVERSITY,25 - 29,388
1997,F,PRE-UNIVERSITY,25 - 29,211
1997,MF,PRE-UNIVERSITY,30 - 34,253
1997,F,PRE-UNIVERSITY,30 - 34,153
1997,MF,PRE-UNIVERSITY,35 - 39,265
1997,F,PRE-UNIVERSITY,35 - 39,173
1997,MF,PRE-UNIVERSITY,40 - 44,215
1997,F,PRE-UNIVERSITY,40 - 44,143
1997,MF,PRE-UNIVERSITY,45 - 49,213
1997,F,PRE-UNIVERSITY,45 - 49,120
1997,MF,PRE-UNIVERSITY,50 - 54,121
1997,F,PRE-UNIVERSITY,50 - 54,54
1997,MF,PRE-UNIVERSITY,55 & ABOVE,61
1997,F,PRE-UNIVERSITY,55 & ABOVE,17
1997,MF,PRIMARY,24 YEARS & BELOW,1471
1997,F,PRIMARY,24 YEARS & BELOW,1386
1997,MF,PRIMARY,25 - 29,1945
1997,F,PRIMARY,25 - 29,1636
1997,MF,PRIMARY,30 - 34,973
1997,F,PRIMARY,30 - 34,819
1997,MF,PRIMARY,35 - 39,835
1997,F,PRIMARY,35 - 39,719
1997,MF,PRIMARY,40 - 44,461
1997,F,PRIMARY,40 - 44,423
1997,MF,PRIMARY,45 - 49,1867
1997,F,PRIMARY,45 - 49,1518
1997,MF,PRIMARY,50 - 54,2135
1997,F,PRIMARY,50 - 54,1499
1997,MF,PRIMARY,55 & ABOVE,1502
1997,F,PRIMARY,55 & ABOVE,732
1997,MF,SECONDARY,24 YEARS & BELOW,781
1997,F,SECONDARY,24 YEARS & BELOW,691
1997,MF,SECONDARY,25 - 29,1606
1997,F,SECONDARY,25 - 29,1054
1997,MF,SECONDARY,30 - 34,1090
1997,F,SECONDARY,30 - 34,787
1997,MF,SECONDARY,35 - 39,1204
1997,F,SECONDARY,35 - 39,922
1997,MF,SECONDARY,40 - 44,902
1997,F,SECONDARY,40 - 44,662
1997,MF,SECONDARY,45 - 49,1358
1997,F,SECONDARY,45 - 49,841
1997,MF,SECONDARY,50 - 54,1293
1997,F,SECONDARY,50 - 54,563
1997,MF,SECONDARY,55 & ABOVE,815
1997,F,SECONDARY,55 & ABOVE,257
1998,MF,PRE-UNIVERSITY,24 YEARS & BELOW,114
1998,F,PRE-UNIVERSITY,24 YEARS & BELOW,106
1998,MF,PRE-UNIVERSITY,25 - 29,423
1998,F,PRE-UNIVERSITY,25 - 29,208
1998,MF,PRE-UNIVERSITY,30 - 34,272
1998,F,PRE-UNIVERSITY,30 - 34,160
1998,MF,PRE-UNIVERSITY,35 - 39,252
1998,F,PRE-UNIVERSITY,35 - 39,171
1998,MF,PRE-UNIVERSITY,40 - 44,205
1998,F,PRE-UNIVERSITY,40 - 44,139
1998,MF,PRE-UNIVERSITY,45 - 49,207
1998,F,PRE-UNIVERSITY,45 - 49,125
1998,MF,PRE-UNIVERSITY,50 - 54,153
1998,F,PRE-UNIVERSITY,50 - 54,69
1998,MF,PRE-UNIVERSITY,55 & ABOVE,79
1998,F,PRE-UNIVERSITY,55 & ABOVE,29
1998,MF,PRIMARY,24 YEARS & BELOW,1251
1998,F,PRIMARY,24 YEARS & BELOW,1196
1998,MF,PRIMARY,25 - 29,2306
1998,F,PRIMARY,25 - 29,1937
1998,MF,PRIMARY,30 - 34,1185
1998,F,PRIMARY,30 - 34,970
1998,MF,PRIMARY,35 - 39,895
1998,F,PRIMARY,35 - 39,780
1998,MF,PRIMARY,40 - 44,488
1998,F,PRIMARY,40 - 44,425
1998,MF,PRIMARY,45 - 49,1179
1998,F,PRIMARY,45 - 49,985
1998,MF,PRIMARY,50 - 54,2404
1998,F,PRIMARY,50 - 54,1797
1998,MF,PRIMARY,55 & ABOVE,1698
1998,F,PRIMARY,55 & ABOVE,880
1998,MF,SECONDARY,24 YEARS & BELOW,608
1998,F,SECONDARY,24 YEARS & BELOW,563
1998,MF,SECONDARY,25 - 29,1809
1998,F,SECONDARY,25 - 29,1175
1998,MF,SECONDARY,30 - 34,1129
1998,F,SECONDARY,30 - 34,764
1998,MF,SECONDARY,35 - 39,1164
1998,F,SECONDARY,35 - 39,870
1998,MF,SECONDARY,40 - 44,963
1998,F,SECONDARY,40 - 44,740
1998,MF,SECONDARY,45 - 49,1111
1998,F,SECONDARY,45 - 49,721
1998,MF,SECONDARY,50 - 54,1461
1998,F,SECONDARY,50 - 54,730
1998,MF,SECONDARY,55 & ABOVE,896
1998,F,SECONDARY,55 & ABOVE,290
1999,MF,PRE-UNIVERSITY,24 YEARS & BELOW,130
1999,F,PRE-UNIVERSITY,24 YEARS & BELOW,122
1999,MF,PRE-UNIVERSITY,25 - 29,516
1999,F,PRE-UNIVERSITY,25 - 29,260
1999,MF,PRE-UNIVERSITY,30 - 34,269
1999,F,PRE-UNIVERSITY,30 - 34,145
1999,MF,PRE-UNIVERSITY,35 - 39,261
1999,F,PRE-UNIVERSITY,35 - 39,173
1999,MF,PRE-UNIVERSITY,40 - 44,202
1999,F,PRE-UNIVERSITY,40 - 44,138
1999,MF,PRE-UNIVERSITY,45 - 49,199
1999,F,PRE-UNIVERSITY,45 - 49,125
1999,MF,PRE-UNIVERSITY,50 - 54,178
1999,F,PRE-UNIVERSITY,50 - 54,80
1999,MF,PRE-UNIVERSITY,55 & ABOVE,86
1999,F,PRE-UNIVERSITY,55 & ABOVE,35
1999,MF,PRIMARY,24 YEARS & BELOW,1523
1999,F,PRIMARY,24 YEARS & BELOW,1412
1999,MF,PRIMARY,25 - 29,2669
1999,F,PRIMARY,25 - 29,2204
1999,MF,PRIMARY,30 - 34,1485
1999,F,PRIMARY,30 - 34,1212
1999,MF,PRIMARY,35 - 39,897
1999,F,PRIMARY,35 - 39,767
1999,MF,PRIMARY,40 - 44,612
1999,F,PRIMARY,40 - 44,537
1999,MF,PRIMARY,45 - 49,884
1999,F,PRIMARY,45 - 49,754
1999,MF,PRIMARY,50 - 54,2305
1999,F,PRIMARY,50 - 54,1768
1999,MF,PRIMARY,55 & ABOVE,1757
1999,F,PRIMARY,55 & ABOVE,938
1999,MF,SECONDARY,24 YEARS & BELOW,618
1999,F,SECONDARY,24 YEARS & BELOW,587
1999,MF,SECONDARY,25 - 29,1989
1999,F,SECONDARY,25 - 29,1302
1999,MF,SECONDARY,30 - 34,1216
1999,F,SECONDARY,30 - 34,772
1999,MF,SECONDARY,35 - 39,1120
1999,F,SECONDARY,35 - 39,811
1999,MF,SECONDARY,40 - 44,984
1999,F,SECONDARY,40 - 44,740
1999,MF,SECONDARY,45 - 49,1002
1999,F,SECONDARY,45 - 49,662
1999,MF,SECONDARY,50 - 54,1368
1999,F,SECONDARY,50 - 54,723
1999,MF,SECONDARY,55 & ABOVE,913
1999,F,SECONDARY,55 & ABOVE,312
2000,MF,PRE-UNIVERSITY,24 YEARS & BELOW,88
2000,F,PRE-UNIVERSITY,24 YEARS & BELOW,87
2000,MF,PRE-UNIVERSITY,25 - 29,572
2000,F,PRE-UNIVERSITY,25 - 29,310
2000,MF,PRE-UNIVERSITY,30 - 34,299
2000,F,PRE-UNIVERSITY,30 - 34,141
2000,MF,PRE-UNIVERSITY,35 - 39,228
2000,F,PRE-UNIVERSITY,35 - 39,145
2000,MF,PRE-UNIVERSITY,40 - 44,210
2000,F,PRE-UNIVERSITY,40 - 44,144
2000,MF,PRE-UNIVERSITY,45 - 49,200
2000,F,PRE-UNIVERSITY,45 - 49,124
2000,MF,PRE-UNIVERSITY,50 - 54,181
2000,F,PRE-UNIVERSITY,50 - 54,89
2000,MF,PRE-UNIVERSITY,55 & ABOVE,100
2000,F,PRE-UNIVERSITY,55 & ABOVE,43
2000,MF,PRIMARY,24 YEARS & BELOW,1589
2000,F,PRIMARY,24 YEARS & BELOW,1482
2000,MF,PRIMARY,25 - 29,2822
2000,F,PRIMARY,25 - 29,2298
2000,MF,PRIMARY,30 - 34,1752
2000,F,PRIMARY,30 - 34,1446
2000,MF,PRIMARY,35 - 39,918
2000,F,PRIMARY,35 - 39,760
2000,MF,PRIMARY,40 - 44,740
2000,F,PRIMARY,40 - 44,633
2000,MF,PRIMARY,45 - 49,657
2000,F,PRIMARY,45 - 49,579
2000,MF,PRIMARY,50 - 54,2142
2000,F,PRIMARY,50 - 54,1667
2000,MF,PRIMARY,55 & ABOVE,1667
2000,F,PRIMARY,55 & ABOVE,944
2000,MF,SECONDARY,24 YEARS & BELOW,729
2000,F,SECONDARY,24 YEARS & BELOW,677
2000,MF,SECONDARY,25 - 29,2285
2000,F,SECONDARY,25 - 29,1467
2000,MF,SECONDARY,30 - 34,1394
2000,F,SECONDARY,30 - 34,863
2000,MF,SECONDARY,35 - 39,1027
2000,F,SECONDARY,35 - 39,721
2000,MF,SECONDARY,40 - 44,1024
2000,F,SECONDARY,40 - 44,777
2000,MF,SECONDARY,45 - 49,844
2000,F,SECONDARY,45 - 49,585
2000,MF,SECONDARY,50 - 54,1309
2000,F,SECONDARY,50 - 54,711
2000,MF,SECONDARY,55 & ABOVE,850
2000,F,SECONDARY,55 & ABOVE,312
2001,MF,PRE-UNIVERSITY,24 YEARS & BELOW,59
2001,F,PRE-UNIVERSITY,24 YEARS & BELOW,55
2001,MF,PRE-UNIVERSITY,25 - 29,581
2001,F,PRE-UNIVERSITY,25 - 29,322
2001,MF,PRE-UNIVERSITY,30 - 34,324
2001,F,PRE-UNIVERSITY,30 - 34,148
2001,MF,PRE-UNIVERSITY,35 - 39,191
2001,F,PRE-UNIVERSITY,35 - 39,115
2001,MF,PRE-UNIVERSITY,40 - 44,220
2001,F,PRE-UNIVERSITY,40 - 44,151
2001,MF,PRE-UNIVERSITY,45 - 49,188
2001,F,PRE-UNIVERSITY,45 - 49,116
2001,MF,PRE-UNIVERSITY,50 - 54,195
2001,F,PRE-UNIVERSITY,50 - 54,103
2001,MF,PRE-UNIVERSITY,55 & ABOVE,111
2001,F,PRE-UNIVERSITY,55 & ABOVE,47
2001,MF,PRIMARY,24 YEARS & BELOW,1184
2001,F,PRIMARY,24 YEARS & BELOW,1127
2001,MF,PRIMARY,25 - 29,2963
2001,F,PRIMARY,25 - 29,2468
2001,MF,PRIMARY,30 - 34,1946
2001,F,PRIMARY,30 - 34,1579
2001,MF,PRIMARY,35 - 39,1008
2001,F,PRIMARY,35 - 39,826
2001,MF,PRIMARY,40 - 44,831
2001,F,PRIMARY,40 - 44,711
2001,MF,PRIMARY,45 - 49,560
2001,F,PRIMARY,45 - 49,507
2001,MF,PRIMARY,50 - 54,1867
2001,F,PRIMARY,50 - 54,1480
2001,MF,PRIMARY,55 & ABOVE,1652
2001,F,PRIMARY,55 & ABOVE,1033
2001,MF,SECONDARY,24 YEARS & BELOW,619
2001,F,SECONDARY,24 YEARS & BELOW,576
2001,MF,SECONDARY,25 - 29,2319
2001,F,SECONDARY,25 - 29,1529
2001,MF,SECONDARY,30 - 34,1541
2001,F,SECONDARY,30 - 34,938
2001,MF,SECONDARY,35 - 39,1023
2001,F,SECONDARY,35 - 39,698
2001,MF,SECONDARY,40 - 44,1063
2001,F,SECONDARY,40 - 44,785
2001,MF,SECONDARY,45 - 49,803
2001,F,SECONDARY,45 - 49,571
2001,MF,SECONDARY,50 - 54,1223
2001,F,SECONDARY,50 - 54,693
2001,MF,SECONDARY,55 & ABOVE,900
2001,F,SECONDARY,55 & ABOVE,356
2002,MF,PRE-UNIVERSITY,24 YEARS & BELOW,174
2002,F,PRE-UNIVERSITY,24 YEARS & BELOW,134
2002,MF,PRE-UNIVERSITY,25 - 29,594
2002,F,PRE-UNIVERSITY,25 - 29,306
2002,MF,PRE-UNIVERSITY,30 - 34,311
2002,F,PRE-UNIVERSITY,30 - 34,145
2002,MF,PRE-UNIVERSITY,35 - 39,189
2002,F,PRE-UNIVERSITY,35 - 39,117
2002,MF,PRE-UNIVERSITY,40 - 44,220
2002,F,PRE-UNIVERSITY,40 - 44,150
2002,MF,PRE-UNIVERSITY,45 - 49,189
2002,F,PRE-UNIVERSITY,45 - 49,115
2002,MF,PRE-UNIVERSITY,50 - 54,188
2002,F,PRE-UNIVERSITY,50 - 54,98
2002,MF,PRE-UNIVERSITY,55 & ABOVE,95
2002,F,PRE-UNIVERSITY,55 & ABOVE,39
2002,MF,PRIMARY,24 YEARS & BELOW,1512
2002,F,PRIMARY,24 YEARS & BELOW,1427
2002,MF,PRIMARY,25 - 29,3109
2002,F,PRIMARY,25 - 29,2547
2002,MF,PRIMARY,30 - 34,1971
2002,F,PRIMARY,30 - 34,1600
2002,MF,PRIMARY,35 - 39,1008
2002,F,PRIMARY,35 - 39,823
2002,MF,PRIMARY,40 - 44,820
2002,F,PRIMARY,40 - 44,700
2002,MF,PRIMARY,45 - 49,554
2002,F,PRIMARY,45 - 49,502
2002,MF,PRIMARY,50 - 54,1776
2002,F,PRIMARY,50 - 54,1404
2002,MF,PRIMARY,55 & ABOVE,1287
2002,F,PRIMARY,55 & ABOVE,819
2002,MF,SECONDARY,24 YEARS & BELOW,1106
2002,F,SECONDARY,24 YEARS & BELOW,968
2002,MF,SECONDARY,25 - 29,2505
2002,F,SECONDARY,25 - 29,1599
2002,MF,SECONDARY,30 - 34,1595
2002,F,SECONDARY,30 - 34,963
2002,MF,SECONDARY,35 - 39,1075
2002,F,SECONDARY,35 - 39,725
2002,MF,SECONDARY,40 - 44,1078
2002,F,SECONDARY,40 - 44,789
2002,MF,SECONDARY,45 - 49,801
2002,F,SECONDARY,45 - 49,571
2002,MF,SECONDARY,50 - 54,1198
2002,F,SECONDARY,50 - 54,683
2002,MF,SECONDARY,55 & ABOVE,752
2002,F,SECONDARY,55 & ABOVE,310
2003,MF,PRE-UNIVERSITY,24 YEARS & BELOW,86
2003,F,PRE-UNIVERSITY,24 YEARS & BELOW,85
2003,MF,PRE-UNIVERSITY,25 - 29,558
2003,F,PRE-UNIVERSITY,25 - 29,337
2003,MF,PRE-UNIVERSITY,30 - 34,463
2003,F,PRE-UNIVERSITY,30 - 34,206
2003,MF,PRE-UNIVERSITY,35 - 39,206
2003,F,PRE-UNIVERSITY,35 - 39,97
2003,MF,PRE-UNIVERSITY,40 - 44,230
2003,F,PRE-UNIVERSITY,40 - 44,159
2003,MF,PRE-UNIVERSITY,45 - 49,177
2003,F,PRE-UNIVERSITY,45 - 49,115
2003,MF,PRE-UNIVERSITY,50 - 54,195
2003,F,PRE-UNIVERSITY,50 - 54,121
2003,MF,PRE-UNIVERSITY,55 & ABOVE,144
2003,F,PRE-UNIVERSITY,55 & ABOVE,60
2003,MF,PRIMARY,24 YEARS & BELOW,767
2003,F,PRIMARY,24 YEARS & BELOW,744
2003,MF,PRIMARY,25 - 29,3041
2003,F,PRIMARY,25 - 29,2609
2003,MF,PRIMARY,30 - 34,2677
2003,F,PRIMARY,30 - 34,2136
2003,MF,PRIMARY,35 - 39,1366
2003,F,PRIMARY,35 - 39,1102
2003,MF,PRIMARY,40 - 44,947
2003,F,PRIMARY,40 - 44,797
2003,MF,PRIMARY,45 - 49,564
2003,F,PRIMARY,45 - 49,495
2003,MF,PRIMARY,50 - 54,947
2003,F,PRIMARY,50 - 54,794
2003,MF,PRIMARY,55 & ABOVE,1716
2003,F,PRIMARY,55 & ABOVE,1274
2003,MF,SECONDARY,24 YEARS & BELOW,667
2003,F,SECONDARY,24 YEARS & BELOW,662
2003,MF,SECONDARY,25 - 29,2646
2003,F,SECONDARY,25 - 29,1845
2003,MF,SECONDARY,30 - 34,2281
2003,F,SECONDARY,30 - 34,1313
2003,MF,SECONDARY,35 - 39,1232
2003,F,SECONDARY,35 - 39,788
2003,MF,SECONDARY,40 - 44,1106
2003,F,SECONDARY,40 - 44,771
2003,MF,SECONDARY,45 - 49,920
2003,F,SECONDARY,45 - 49,688
2003,MF,SECONDARY,50 - 54,899
2003,F,SECONDARY,50 - 54,585
2003,MF,SECONDARY,55 & ABOVE,1079
2003,F,SECONDARY,55 & ABOVE,534
2004,MF,PRE-UNIVERSITY,24 YEARS & BELOW,140
2004,F,PRE-UNIVERSITY,24 YEARS & BELOW,139
2004,MF,PRE-UNIVERSITY,25 - 29,649
2004,F,PRE-UNIVERSITY,25 - 29,385
2004,MF,PRE-UNIVERSITY,30 - 34,502
2004,F,PRE-UNIVERSITY,30 - 34,251
2004,MF,PRE-UNIVERSITY,35 - 39,246
2004,F,PRE-UNIVERSITY,35 - 39,106
2004,MF,PRE-UNIVERSITY,40 - 44,210
2004,F,PRE-UNIVERSITY,40 - 44,140
2004,MF,PRE-UNIVERSITY,45 - 49,179
2004,F,PRE-UNIVERSITY,45 - 49,123
2004,MF,PRE-UNIVERSITY,50 - 54,188
2004,F,PRE-UNIVERSITY,50 - 54,115
2004,MF,PRE-UNIVERSITY,55 & ABOVE,153
2004,F,PRE-UNIVERSITY,55 & ABOVE,70
2004,MF,PRIMARY,24 YEARS & BELOW,917
2004,F,PRIMARY,24 YEARS & BELOW,891
2004,MF,PRIMARY,25 - 29,3065
2004,F,PRIMARY,25 - 29,2617
2004,MF,PRIMARY,30 - 34,2877
2004,F,PRIMARY,30 - 34,2281
2004,MF,PRIMARY,35 - 39,1603
2004,F,PRIMARY,35 - 39,1297
2004,MF,PRIMARY,40 - 44,917
2004,F,PRIMARY,40 - 44,757
2004,MF,PRIMARY,45 - 49,695
2004,F,PRIMARY,45 - 49,601
2004,MF,PRIMARY,50 - 54,653
2004,F,PRIMARY,50 - 54,568
2004,MF,PRIMARY,55 & ABOVE,1482
2004,F,PRIMARY,55 & ABOVE,1139
2004,MF,SECONDARY,24 YEARS & BELOW,616
2004,F,SECONDARY,24 YEARS & BELOW,612
2004,MF,SECONDARY,25 - 29,2771
2004,F,SECONDARY,25 - 29,1963
2004,MF,SECONDARY,30 - 34,2544
2004,F,SECONDARY,30 - 34,1505
2004,MF,SECONDARY,35 - 39,1381
2004,F,SECONDARY,35 - 39,836
2004,MF,SECONDARY,40 - 44,1087
2004,F,SECONDARY,40 - 44,739
2004,MF,SECONDARY,45 - 49,972
2004,F,SECONDARY,45 - 49,721
2004,MF,SECONDARY,50 - 54,824
2004,F,SECONDARY,50 - 54,544
2004,MF,SECONDARY,55 & ABOVE,1045
2004,F,SECONDARY,55 & ABOVE,566
2005,MF,PRE-UNIVERSITY,24 YEARS & BELOW,155
2005,F,PRE-UNIVERSITY,24 YEARS & BELOW,155
2005,MF,PRE-UNIVERSITY,25 - 29,835
2005,F,PRE-UNIVERSITY,25 - 29,478
2005,MF,PRE-UNIVERSITY,30 - 34,553
2005,F,PRE-UNIVERSITY,30 - 34,277
2005,MF,PRE-UNIVERSITY,35 - 39,271
2005,F,PRE-UNIVERSITY,35 - 39,116
2005,MF,PRE-UNIVERSITY,40 - 44,191
2005,F,PRE-UNIVERSITY,40 - 44,120
2005,MF,PRE-UNIVERSITY,45 - 49,195
2005,F,PRE-UNIVERSITY,45 - 49,134
2005,MF,PRE-UNIVERSITY,50 - 54,168
2005,F,PRE-UNIVERSITY,50 - 54,101
2005,MF,PRE-UNIVERSITY,55 & ABOVE,176
2005,F,PRE-UNIVERSITY,55 & ABOVE,88
2005,MF,PRIMARY,24 YEARS & BELOW,826
2005,F,PRIMARY,24 YEARS & BELOW,807
2005,MF,PRIMARY,25 - 29,3061
2005,F,PRIMARY,25 - 29,2607
2005,MF,PRIMARY,30 - 34,3049
2005,F,PRIMARY,30 - 34,2397
2005,MF,PRIMARY,35 - 39,1849
2005,F,PRIMARY,35 - 39,1500
2005,MF,PRIMARY,40 - 44,952
2005,F,PRIMARY,40 - 44,776
2005,MF,PRIMARY,45 - 49,792
2005,F,PRIMARY,45 - 49,680
2005,MF,PRIMARY,50 - 54,528
2005,F,PRIMARY,50 - 54,480
2005,MF,PRIMARY,55 & ABOVE,1286
2005,F,PRIMARY,55 & ABOVE,996
2005,MF,SECONDARY,24 YEARS & BELOW,513
2005,F,SECONDARY,24 YEARS & BELOW,508
2005,MF,SECONDARY,25 - 29,2959
2005,F,SECONDARY,25 - 29,2122
2005,MF,SECONDARY,30 - 34,2664
2005,F,SECONDARY,30 - 34,1592
2005,MF,SECONDARY,35 - 39,1552
2005,F,SECONDARY,35 - 39,916
2005,MF,SECONDARY,40 - 44,1081
2005,F,SECONDARY,40 - 44,713
2005,MF,SECONDARY,45 - 49,1009
2005,F,SECONDARY,45 - 49,752
2005,MF,SECONDARY,50 - 54,770
2005,F,SECONDARY,50 - 54,529
2005,MF,SECONDARY,55 & ABOVE,947
2005,F,SECONDARY,55 & ABOVE,535
2006,MF,PRE-UNIVERSITY,24 YEARS & BELOW,87
2006,F,PRE-UNIVERSITY,24 YEARS & BELOW,86
2006,MF,PRE-UNIVERSITY,25 - 29,866
2006,F,PRE-UNIVERSITY,25 - 29,551
2006,MF,PRE-UNIVERSITY,30 - 34,560
2006,F,PRE-UNIVERSITY,30 - 34,275
2006,MF,PRE-UNIVERSITY,35 - 39,303
2006,F,PRE-UNIVERSITY,35 - 39,130
2006,MF,PRE-UNIVERSITY,40 - 44,177
2006,F,PRE-UNIVERSITY,40 - 44,103
2006,MF,PRE-UNIVERSITY,45 - 49,205
2006,F,PRE-UNIVERSITY,45 - 49,138
2006,MF,PRE-UNIVERSITY,50 - 54,165
2006,F,PRE-UNIVERSITY,50 - 54,101
2006,MF,PRE-UNIVERSITY,55 & ABOVE,172
2006,F,PRE-UNIVERSITY,55 & ABOVE,93
2006,MF,PRIMARY,24 YEARS & BELOW,607
2006,F,PRIMARY,24 YEARS & BELOW,591
2006,MF,PRIMARY,25 - 29,3104
2006,F,PRIMARY,25 - 29,2647
2006,MF,PRIMARY,30 - 34,3277
2006,F,PRIMARY,30 - 34,2612
2006,MF,PRIMARY,35 - 39,2049
2006,F,PRIMARY,35 - 39,1643
2006,MF,PRIMARY,40 - 44,1050
2006,F,PRIMARY,40 - 44,852
2006,MF,PRIMARY,45 - 49,887
2006,F,PRIMARY,45 - 49,762
2006,MF,PRIMARY,50 - 54,464
2006,F,PRIMARY,50 - 54,422
2006,MF,PRIMARY,55 & ABOVE,1159
2006,F,PRIMARY,55 & ABOVE,914
2006,MF,SECONDARY,24 YEARS & BELOW,449
2006,F,SECONDARY,24 YEARS & BELOW,447
2006,MF,SECONDARY,25 - 29,2862
2006,F,SECONDARY,25 - 29,2105
2006,MF,SECONDARY,30 - 34,2805
2006,F,SECONDARY,30 - 34,1666
2006,MF,SECONDARY,35 - 39,1751
2006,F,SECONDARY,35 - 39,1005
2006,MF,SECONDARY,40 - 44,1099
2006,F,SECONDARY,40 - 44,731
2006,MF,SECONDARY,45 - 49,1044
2006,F,SECONDARY,45 - 49,756
2006,MF,SECONDARY,50 - 54,767
2006,F,SECONDARY,50 - 54,551
2006,MF,SECONDARY,55 & ABOVE,895
2006,F,SECONDARY,55 & ABOVE,526
2007,MF,PRE-UNIVERSITY,24 YEARS & BELOW,81
2007,F,PRE-UNIVERSITY,24 YEARS & BELOW,81
2007,MF,PRE-UNIVERSITY,25 - 29,893
2007,F,PRE-UNIVERSITY,25 - 29,583
2007,MF,PRE-UNIVERSITY,30 - 34,607
2007,F,PRE-UNIVERSITY,30 - 34,288
2007,MF,PRE-UNIVERSITY,35 - 39,355
2007,F,PRE-UNIVERSITY,35 - 39,142
2007,MF,PRE-UNIVERSITY,40 - 44,211
2007,F,PRE-UNIVERSITY,40 - 44,119
2007,MF,PRE-UNIVERSITY,45 - 49,219
2007,F,PRE-UNIVERSITY,45 - 49,144
2007,MF,PRE-UNIVERSITY,50 - 54,167
2007,F,PRE-UNIVERSITY,50 - 54,108
2007,MF,PRE-UNIVERSITY,55 & ABOVE,183
2007,F,PRE-UNIVERSITY,55 & ABOVE,95
2007,MF,PRIMARY,24 YEARS & BELOW,520
2007,F,PRIMARY,24 YEARS & BELOW,508
2007,MF,PRIMARY,25 - 29,3154
2007,F,PRIMARY,25 - 29,2668
2007,MF,PRIMARY,30 - 34,3252
2007,F,PRIMARY,30 - 34,2588
2007,MF,PRIMARY,35 - 39,2339
2007,F,PRIMARY,35 - 39,1867
2007,MF,PRIMARY,40 - 44,1187
2007,F,PRIMARY,40 - 44,966
2007,MF,PRIMARY,45 - 49,946
2007,F,PRIMARY,45 - 49,809
2007,MF,PRIMARY,50 - 54,477
2007,F,PRIMARY,50 - 54,422
2007,MF,PRIMARY,55 & ABOVE,1022
2007,F,PRIMARY,55 & ABOVE,822
2007,MF,SECONDARY,24 YEARS & BELOW,436
2007,F,SECONDARY,24 YEARS & BELOW,434
2007,MF,SECONDARY,25 - 29,2914
2007,F,SECONDARY,25 - 29,2142
2007,MF,SECONDARY,30 - 34,2798
2007,F,SECONDARY,30 - 34,1668
2007,MF,SECONDARY,35 - 39,1965
2007,F,SECONDARY,35 - 39,1097
2007,MF,SECONDARY,40 - 44,1116
2007,F,SECONDARY,40 - 44,723
2007,MF,SECONDARY,45 - 49,1016
2007,F,SECONDARY,45 - 49,714
2007,MF,SECONDARY,50 - 54,782
2007,F,SECONDARY,50 - 54,577
2007,MF,SECONDARY,55 & ABOVE,865
2007,F,SECONDARY,55 & ABOVE,520
2008,MF,PRE-UNIVERSITY,24 YEARS & BELOW,65
2008,F,PRE-UNIVERSITY,24 YEARS & BELOW,63
2008,MF,PRE-UNIVERSITY,25 - 29,844
2008,F,PRE-UNIVERSITY,25 - 29,568
2008,MF,PRE-UNIVERSITY,30 - 34,629
2008,F,PRE-UNIVERSITY,30 - 34,295
2008,MF,PRE-UNIVERSITY,35 - 39,394
2008,F,PRE-UNIVERSITY,35 - 39,167
2008,MF,PRE-UNIVERSITY,40 - 44,202
2008,F,PRE-UNIVERSITY,40 - 44,94
2008,MF,PRE-UNIVERSITY,45 - 49,241
2008,F,PRE-UNIVERSITY,45 - 49,166
2008,MF,PRE-UNIVERSITY,50 - 54,162
2008,F,PRE-UNIVERSITY,50 - 54,105
2008,MF,PRE-UNIVERSITY,55 & ABOVE,191
2008,F,PRE-UNIVERSITY,55 & ABOVE,106
2008,MF,PRIMARY,24 YEARS & BELOW,461
2008,F,PRIMARY,24 YEARS & BELOW,450
2008,MF,PRIMARY,25 - 29,3067
2008,F,PRIMARY,25 - 29,2587
2008,MF,PRIMARY,30 - 34,3156
2008,F,PRIMARY,30 - 34,2494
2008,MF,PRIMARY,35 - 39,2549
2008,F,PRIMARY,35 - 39,2030
2008,MF,PRIMARY,40 - 44,1382
2008,F,PRIMARY,40 - 44,1122
2008,MF,PRIMARY,45 - 49,965
2008,F,PRIMARY,45 - 49,819
2008,MF,PRIMARY,50 - 54,529
2008,F,PRIMARY,50 - 54,467
2008,MF,PRIMARY,55 & ABOVE,914
2008,F,PRIMARY,55 & ABOVE,736
2008,MF,SECONDARY,24 YEARS & BELOW,420
2008,F,SECONDARY,24 YEARS & BELOW,416
2008,MF,SECONDARY,25 - 29,2930
2008,F,SECONDARY,25 - 29,2173
2008,MF,SECONDARY,30 - 34,2772
2008,F,SECONDARY,30 - 34,1646
2008,MF,SECONDARY,35 - 39,2121
2008,F,SECONDARY,35 - 39,1192
2008,MF,SECONDARY,40 - 44,1192
2008,F,SECONDARY,40 - 44,745
2008,MF,SECONDARY,45 - 49,1017
2008,F,SECONDARY,45 - 49,708
2008,MF,SECONDARY,50 - 54,841
2008,F,SECONDARY,50 - 54,610
2008,MF,SECONDARY,55 & ABOVE,850
2008,F,SECONDARY,55 & ABOVE,525
2009,MF,PRE-UNIVERSITY,24 YEARS & BELOW,50
2009,F,PRE-UNIVERSITY,24 YEARS & BELOW,48
2009,MF,PRE-UNIVERSITY,25 - 29,760
2009,F,PRE-UNIVERSITY,25 - 29,538
2009,MF,PRE-UNIVERSITY,30 - 34,706
2009,F,PRE-UNIVERSITY,30 - 34,339
2009,MF,PRE-UNIVERSITY,35 - 39,455
2009,F,PRE-UNIVERSITY,35 - 39,219
2009,MF,PRE-UNIVERSITY,40 - 44,241
2009,F,PRE-UNIVERSITY,40 - 44,107
2009,MF,PRE-UNIVERSITY,45 - 49,217
2009,F,PRE-UNIVERSITY,45 - 49,140
2009,MF,PRE-UNIVERSITY,50 - 54,171
2009,F,PRE-UNIVERSITY,50 - 54,117
2009,MF,PRE-UNIVERSITY,55 & ABOVE,197
2009,F,PRE-UNIVERSITY,55 & ABOVE,111
2009,MF,PRIMARY,24 YEARS & BELOW,520
2009,F,PRIMARY,24 YEARS & BELOW,486
2009,MF,PRIMARY,25 - 29,3081
2009,F,PRIMARY,25 - 29,2607
2009,MF,PRIMARY,30 - 34,3339
2009,F,PRIMARY,30 - 34,2673
2009,MF,PRIMARY,35 - 39,2819
2009,F,PRIMARY,35 - 39,2226
2009,MF,PRIMARY,40 - 44,1658
2009,F,PRIMARY,40 - 44,1356
2009,MF,PRIMARY,45 - 49,911
2009,F,PRIMARY,45 - 49,761
2009,MF,PRIMARY,50 - 54,657
2009,F,PRIMARY,50 - 54,571
2009,MF,PRIMARY,55 & ABOVE,879
2009,F,PRIMARY,55 & ABOVE,725
2009,MF,SECONDARY,24 YEARS & BELOW,574
2009,F,SECONDARY,24 YEARS & BELOW,557
2009,MF,SECONDARY,25 - 29,3059
2009,F,SECONDARY,25 - 29,2287
2009,MF,SECONDARY,30 - 34,3081
2009,F,SECONDARY,30 - 34,1851
2009,MF,SECONDARY,35 - 39,2400
2009,F,SECONDARY,35 - 39,1382
2009,MF,SECONDARY,40 - 44,1332
2009,F,SECONDARY,40 - 44,811
2009,MF,SECONDARY,45 - 49,1020
2009,F,SECONDARY,45 - 49,684
2009,MF,SECONDARY,50 - 54,878
2009,F,SECONDARY,50 - 54,631
2009,MF,SECONDARY,55 & ABOVE,870
2009,F,SECONDARY,55 & ABOVE,546
2010,MF,PRE-UNIVERSITY,24 YEARS & BELOW,101
2010,F,PRE-UNIVERSITY,24 YEARS & BELOW,98
2010,MF,PRE-UNIVERSITY,25 - 29,706
2010,F,PRE-UNIVERSITY,25 - 29,463
2010,MF,PRE-UNIVERSITY,30 - 34,726
2010,F,PRE-UNIVERSITY,30 - 34,367
2010,MF,PRE-UNIVERSITY,35 - 39,465
2010,F,PRE-UNIVERSITY,35 - 39,217
2010,MF,PRE-UNIVERSITY,40 - 44,261
2010,F,PRE-UNIVERSITY,40 - 44,120
2010,MF,PRE-UNIVERSITY,45 - 49,202
2010,F,PRE-UNIVERSITY,45 - 49,122
2010,MF,PRE-UNIVERSITY,50 - 54,182
2010,F,PRE-UNIVERSITY,50 - 54,128
2010,MF,PRE-UNIVERSITY,55 & ABOVE,194
2010,F,PRE-UNIVERSITY,55 & ABOVE,112
2010,MF,PRIMARY,24 YEARS & BELOW,441
2010,F,PRIMARY,24 YEARS & BELOW,417
2010,MF,PRIMARY,25 - 29,2790
2010,F,PRIMARY,25 - 29,2366
2010,MF,PRIMARY,30 - 34,3205
2010,F,PRIMARY,30 - 34,2563
2010,MF,PRIMARY,35 - 39,2857
2010,F,PRIMARY,35 - 39,2234
2010,MF,PRIMARY,40 - 44,1834
2010,F,PRIMARY,40 - 44,1494
2010,MF,PRIMARY,45 - 49,969
2010,F,PRIMARY,45 - 49,800
2010,MF,PRIMARY,50 - 54,760
2010,F,PRIMARY,50 - 54,655
2010,MF,PRIMARY,55 & ABOVE,837
2010,F,PRIMARY,55 & ABOVE,702
2010,MF,SECONDARY,24 YEARS & BELOW,536
2010,F,SECONDARY,24 YEARS & BELOW,525
2010,MF,SECONDARY,25 - 29,2897
2010,F,SECONDARY,25 - 29,2193
2010,MF,SECONDARY,30 - 34,3202
2010,F,SECONDARY,30 - 34,1936
2010,MF,SECONDARY,35 - 39,2411
2010,F,SECONDARY,35 - 39,1384
2010,MF,SECONDARY,40 - 44,1470
2010,F,SECONDARY,40 - 44,856
2010,MF,SECONDARY,45 - 49,1014
2010,F,SECONDARY,45 - 49,664
2010,MF,SECONDARY,50 - 54,922
2010,F,SECONDARY,50 - 54,665
2010,MF,SECONDARY,55 & ABOVE,880
2010,F,SECONDARY,55 & ABOVE,549
2011,MF,PRE-UNIVERSITY,24 YEARS & BELOW,50
2011,F,PRE-UNIVERSITY,24 YEARS & BELOW,47
2011,MF,PRE-UNIVERSITY,25 - 29,712
2011,F,PRE-UNIVERSITY,25 - 29,473
2011,MF,PRE-UNIVERSITY,30 - 34,762
2011,F,PRE-UNIVERSITY,30 - 34,409
2011,MF,PRE-UNIVERSITY,35 - 39,470
2011,F,PRE-UNIVERSITY,35 - 39,226
2011,MF,PRE-UNIVERSITY,40 - 44,281
2011,F,PRE-UNIVERSITY,40 - 44,124
2011,MF,PRE-UNIVERSITY,45 - 49,191
2011,F,PRE-UNIVERSITY,45 - 49,108
2011,MF,PRE-UNIVERSITY,50 - 54,198
2011,F,PRE-UNIVERSITY,50 - 54,138
2011,MF,PRE-UNIVERSITY,55 & ABOVE,205
2011,F,PRE-UNIVERSITY,55 & ABOVE,123
2011,MF,PRIMARY,24 YEARS & BELOW,493
2011,F,PRIMARY,24 YEARS & BELOW,469
2011,MF,PRIMARY,25 - 29,2464
2011,F,PRIMARY,25 - 29,2036
2011,MF,PRIMARY,30 - 34,3200
2011,F,PRIMARY,30 - 34,2566
2011,MF,PRIMARY,35 - 39,2979
2011,F,PRIMARY,35 - 39,2346
2011,MF,PRIMARY,40 - 44,2012
2011,F,PRIMARY,40 - 44,1630
2011,MF,PRIMARY,45 - 49,1062
2011,F,PRIMARY,45 - 49,865
2011,MF,PRIMARY,50 - 54,834
2011,F,PRIMARY,50 - 54,719
2011,MF,PRIMARY,55 & ABOVE,859
2011,F,PRIMARY,55 & ABOVE,721
2011,MF,SECONDARY,24 YEARS & BELOW,573
2011,F,SECONDARY,24 YEARS & BELOW,556
2011,MF,SECONDARY,25 - 29,3116
2011,F,SECONDARY,25 - 29,2336
2011,MF,SECONDARY,30 - 34,3186
2011,F,SECONDARY,30 - 34,1946
2011,MF,SECONDARY,35 - 39,2558
2011,F,SECONDARY,35 - 39,1447
2011,MF,SECONDARY,40 - 44,1654
2011,F,SECONDARY,40 - 44,946
2011,MF,SECONDARY,45 - 49,1059
2011,F,SECONDARY,45 - 49,680
2011,MF,SECONDARY,50 - 54,960
2011,F,SECONDARY,50 - 54,675
2011,MF,SECONDARY,55 & ABOVE,937
2011,F,SECONDARY,55 & ABOVE,587
2012,MF,PRE-UNIVERSITY,24 YEARS & BELOW,56
2012,F,PRE-UNIVERSITY,24 YEARS & BELOW,52
2012,MF,PRE-UNIVERSITY,25 - 29,664
2012,F,PRE-UNIVERSITY,25 - 29,456
2012,MF,PRE-UNIVERSITY,30 - 34,783
2012,F,PRE-UNIVERSITY,30 - 34,436
2012,MF,PRE-UNIVERSITY,35 - 39,496
2012,F,PRE-UNIVERSITY,35 - 39,248
2012,MF,PRE-UNIVERSITY,40 - 44,301
2012,F,PRE-UNIVERSITY,40 - 44,125
2012,MF,PRE-UNIVERSITY,45 - 49,199
2012,F,PRE-UNIVERSITY,45 - 49,113
2012,MF,PRE-UNIVERSITY,50 - 54,196
2012,F,PRE-UNIVERSITY,50 - 54,132
2012,MF,PRE-UNIVERSITY,55 & ABOVE,213
2012,F,PRE-UNIVERSITY,55 & ABOVE,130
2012,MF,PRIMARY,24 YEARS & BELOW,593
2012,F,PRIMARY,24 YEARS & BELOW,579
2012,MF,PRIMARY,25 - 29,2380
2012,F,PRIMARY,25 - 29,1974
2012,MF,PRIMARY,30 - 34,3264
2012,F,PRIMARY,30 - 34,2612
2012,MF,PRIMARY,35 - 39,2949
2012,F,PRIMARY,35 - 39,2322
2012,MF,PRIMARY,40 - 44,2184
2012,F,PRIMARY,40 - 44,1745
2012,MF,PRIMARY,45 - 49,1172
2012,F,PRIMARY,45 - 49,958
2012,MF,PRIMARY,50 - 54,874
2012,F,PRIMARY,50 - 54,749
2012,MF,PRIMARY,55 & ABOVE,893
2012,F,PRIMARY,55 & ABOVE,750
2012,MF,SECONDARY,24 YEARS & BELOW,580
2012,F,SECONDARY,24 YEARS & BELOW,571
2012,MF,SECONDARY,25 - 29,3248
2012,F,SECONDARY,25 - 29,2446
2012,MF,SECONDARY,30 - 34,3194
2012,F,SECONDARY,30 - 34,1977
2012,MF,SECONDARY,35 - 39,2600
2012,F,SECONDARY,35 - 39,1445
2012,MF,SECONDARY,40 - 44,1876
2012,F,SECONDARY,40 - 44,1053
2012,MF,SECONDARY,45 - 49,1094
2012,F,SECONDARY,45 - 49,674
2012,MF,SECONDARY,50 - 54,968
2012,F,SECONDARY,50 - 54,677
2012,MF,SECONDARY,55 & ABOVE,1014
2012,F,SECONDARY,55 & ABOVE,653
2013,MF,PRE-UNIVERSITY,24 YEARS & BELOW,43
2013,F,PRE-UNIVERSITY,24 YEARS & BELOW,41
2013,MF,PRE-UNIVERSITY,25 - 29,685
2013,F,PRE-UNIVERSITY,25 - 29,461
2013,MF,PRE-UNIVERSITY,30 - 34,775
2013,F,PRE-UNIVERSITY,30 - 34,451
2013,MF,PRE-UNIVERSITY,35 - 39,521
2013,F,PRE-UNIVERSITY,35 - 39,251
2013,MF,PRE-UNIVERSITY,40 - 44,349
2013,F,PRE-UNIVERSITY,40 - 44,162
2013,MF,PRE-UNIVERSITY,45 - 49,194
2013,F,PRE-UNIVERSITY,45 - 49,92
2013,MF,PRE-UNIVERSITY,50 - 54,206
2013,F,PRE-UNIVERSITY,50 - 54,139
2013,MF,PRE-UNIVERSITY,55 & ABOVE,225
2013,F,PRE-UNIVERSITY,55 & ABOVE,135
2013,MF,PRIMARY,24 YEARS & BELOW,499
2013,F,PRIMARY,24 YEARS & BELOW,493
2013,MF,PRIMARY,25 - 29,2562
2013,F,PRIMARY,25 - 29,2125
2013,MF,PRIMARY,30 - 34,3227
2013,F,PRIMARY,30 - 34,2558
2013,MF,PRIMARY,35 - 39,2920
2013,F,PRIMARY,35 - 39,2301
2013,MF,PRIMARY,40 - 44,2409
2013,F,PRIMARY,40 - 44,1931
2013,MF,PRIMARY,45 - 49,1309
2013,F,PRIMARY,45 - 49,1064
2013,MF,PRIMARY,50 - 54,892
2013,F,PRIMARY,50 - 54,752
2013,MF,PRIMARY,55 & ABOVE,970
2013,F,PRIMARY,55 & ABOVE,822
2013,MF,SECONDARY,24 YEARS & BELOW,551
2013,F,SECONDARY,24 YEARS & BELOW,539
2013,MF,SECONDARY,25 - 29,3332
2013,F,SECONDARY,25 - 29,2472
2013,MF,SECONDARY,30 - 34,3249
2013,F,SECONDARY,30 - 34,2058
2013,MF,SECONDARY,35 - 39,2569
2013,F,SECONDARY,35 - 39,1433
2013,MF,SECONDARY,40 - 44,2060
2013,F,SECONDARY,40 - 44,1133
2013,MF,SECONDARY,45 - 49,1163
2013,F,SECONDARY,45 - 49,713
2013,MF,SECONDARY,50 - 54,969
2013,F,SECONDARY,50 - 54,656
2013,MF,SECONDARY,55 & ABOVE,1100
2013,F,SECONDARY,55 & ABOVE,727
2014,MF,PRE-UNIVERSITY,24 YEARS & BELOW,55
2014,F,PRE-UNIVERSITY,24 YEARS & BELOW,54
2014,MF,PRE-UNIVERSITY,25 - 29,624
2014,F,PRE-UNIVERSITY,25 - 29,422
2014,MF,PRE-UNIVERSITY,30 - 34,729
2014,F,PRE-UNIVERSITY,30 - 34,435
2014,MF,PRE-UNIVERSITY,35 - 39,547
2014,F,PRE-UNIVERSITY,35 - 39,258
2014,MF,PRE-UNIVERSITY,40 - 44,379
2014,F,PRE-UNIVERSITY,40 - 44,187
2014,MF,PRE-UNIVERSITY,45 - 49,229
2014,F,PRE-UNIVERSITY,45 - 49,105
2014,MF,PRE-UNIVERSITY,50 - 54,192
2014,F,PRE-UNIVERSITY,50 - 54,120
2014,MF,PRE-UNIVERSITY,55 & ABOVE,252
2014,F,PRE-UNIVERSITY,55 & ABOVE,158
2014,MF,PRIMARY,24 YEARS & BELOW,357
2014,F,PRIMARY,24 YEARS & BELOW,349
2014,MF,PRIMARY,25 - 29,2393
2014,F,PRIMARY,25 - 29,2018
2014,MF,PRIMARY,30 - 34,3077
2014,F,PRIMARY,30 - 34,2444
2014,MF,PRIMARY,35 - 39,2886
2014,F,PRIMARY,35 - 39,2282
2014,MF,PRIMARY,40 - 44,2494
2014,F,PRIMARY,40 - 44,1967
2014,MF,PRIMARY,45 - 49,1518
2014,F,PRIMARY,45 - 49,1245
2014,MF,PRIMARY,50 - 54,867
2014,F,PRIMARY,50 - 54,716
2014,MF,PRIMARY,55 & ABOVE,1091
2014,F,PRIMARY,55 & ABOVE,929
2014,MF,SECONDARY,24 YEARS & BELOW,469
2014,F,SECONDARY,24 YEARS & BELOW,463
2014,MF,SECONDARY,25 - 29,3311
2014,F,SECONDARY,25 - 29,2437
2014,MF,SECONDARY,30 - 34,3184
2014,F,SECONDARY,30 - 34,2051
2014,MF,SECONDARY,35 - 39,2655
2014,F,SECONDARY,35 - 39,1498
2014,MF,SECONDARY,40 - 44,2188
2014,F,SECONDARY,40 - 44,1206
2014,MF,SECONDARY,45 - 49,1277
2014,F,SECONDARY,45 - 49,762
2014,MF,SECONDARY,50 - 54,949
2014,F,SECONDARY,50 - 54,619
2014,MF,SECONDARY,55 & ABOVE,1175
2014,F,SECONDARY,55 & ABOVE,786
2015,MF,PRE-UNIVERSITY,24 YEARS & BELOW,39
2015,F,PRE-UNIVERSITY,24 YEARS & BELOW,37
2015,MF,PRE-UNIVERSITY,25 - 29,555
2015,F,PRE-UNIVERSITY,25 - 29,370
2015,MF,PRE-UNIVERSITY,30 - 34,698
2015,F,PRE-UNIVERSITY,30 - 34,407
2015,MF,PRE-UNIVERSITY,35 - 39,598
2015,F,PRE-UNIVERSITY,35 - 39,297
2015,MF,PRE-UNIVERSITY,40 - 44,402
2015,F,PRE-UNIVERSITY,40 - 44,194
2015,MF,PRE-UNIVERSITY,45 - 49,246
2015,F,PRE-UNIVERSITY,45 - 49,119
2015,MF,PRE-UNIVERSITY,50 - 54,180
2015,F,PRE-UNIVERSITY,50 - 54,107
2015,MF,PRE-UNIVERSITY,55 & ABOVE,266
2015,F,PRE-UNIVERSITY,55 & ABOVE,169
2015,MF,PRIMARY,24 YEARS & BELOW,266
2015,F,PRIMARY,24 YEARS & BELOW,259
2015,MF,PRIMARY,25 - 29,2377
2015,F,PRIMARY,25 - 29,2055
2015,MF,PRIMARY,30 - 34,2981
2015,F,PRIMARY,30 - 34,2332
2015,MF,PRIMARY,35 - 39,2949
2015,F,PRIMARY,35 - 39,2346
2015,MF,PRIMARY,40 - 44,2610
2015,F,PRIMARY,40 - 44,2032
2015,MF,PRIMARY,45 - 49,1705
2015,F,PRIMARY,45 - 49,1396
2015,MF,PRIMARY,50 - 54,888
2015,F,PRIMARY,50 - 54,721
2015,MF,PRIMARY,55 & ABOVE,1138
2015,F,PRIMARY,55 & ABOVE,973
2015,MF,SECONDARY,24 YEARS & BELOW,334
2015,F,SECONDARY,24 YEARS & BELOW,325
2015,MF,SECONDARY,25 - 29,3207
2015,F,SECONDARY,25 - 29,2385
2015,MF,SECONDARY,30 - 34,3055
2015,F,SECONDARY,30 - 34,2005
2015,MF,SECONDARY,35 - 39,2828
2015,F,SECONDARY,35 - 39,1631
2015,MF,SECONDARY,40 - 44,2229
2015,F,SECONDARY,40 - 44,1225
2015,MF,SECONDARY,45 - 49,1406
2015,F,SECONDARY,45 - 49,803
2015,MF,SECONDARY,50 - 54,935
2015,F,SECONDARY,50 - 54,589
2015,MF,SECONDARY,55 & ABOVE,1213
2015,F,SECONDARY,55 & ABOVE,810
2016,MF,PRE-UNIVERSITY,24 YEARS & BELOW,18
2016,F,PRE-UNIVERSITY,24 YEARS & BELOW,18
2016,MF,PRE-UNIVERSITY,25 - 29,465
2016,F,PRE-UNIVERSITY,25 - 29,307
2016,MF,PRE-UNIVERSITY,30 - 34,662
2016,F,PRE-UNIVERSITY,30 - 34,392
2016,MF,PRE-UNIVERSITY,35 - 39,649
2016,F,PRE-UNIVERSITY,35 - 39,349
2016,MF,PRE-UNIVERSITY,40 - 44,433
2016,F,PRE-UNIVERSITY,40 - 44,215
2016,MF,PRE-UNIVERSITY,45 - 49,242
2016,F,PRE-UNIVERSITY,45 - 49,112
2016,MF,PRE-UNIVERSITY,50 - 54,168
2016,F,PRE-UNIVERSITY,50 - 54,98
2016,MF,PRE-UNIVERSITY,55 & ABOVE,288
2016,F,PRE-UNIVERSITY,55 & ABOVE,181
2016,MF,PRIMARY,24 YEARS & BELOW,198
2016,F,PRIMARY,24 YEARS & BELOW,197
2016,MF,PRIMARY,25 - 29,2374
2016,F,PRIMARY,25 - 29,2077
2016,MF,PRIMARY,30 - 34,2768
2016,F,PRIMARY,30 - 34,2122
2016,MF,PRIMARY,35 - 39,3062
2016,F,PRIMARY,35 - 39,2436
2016,MF,PRIMARY,40 - 44,2853
2016,F,PRIMARY,40 - 44,2240
2016,MF,PRIMARY,45 - 49,1925
2016,F,PRIMARY,45 - 49,1541
2016,MF,PRIMARY,50 - 54,992
2016,F,PRIMARY,50 - 54,797
2016,MF,PRIMARY,55 & ABOVE,1185
2016,F,PRIMARY,55 & ABOVE,1007
2016,MF,SECONDARY,24 YEARS & BELOW,290
2016,F,SECONDARY,24 YEARS & BELOW,285
2016,MF,SECONDARY,25 - 29,2923
2016,F,SECONDARY,25 - 29,2176
2016,MF,SECONDARY,30 - 34,3072
2016,F,SECONDARY,30 - 34,2017
2016,MF,SECONDARY,35 - 39,2769
2016,F,SECONDARY,35 - 39,1638
2016,MF,SECONDARY,40 - 44,2295
2016,F,SECONDARY,40 - 44,1262
2016,MF,SECONDARY,45 - 49,1542
2016,F,SECONDARY,45 - 49,875
2016,MF,SECONDARY,50 - 54,950
2016,F,SECONDARY,50 - 54,598
2016,MF,SECONDARY,55 & ABOVE,1255
2016,F,SECONDARY,55 & ABOVE,834
2017,MF,PRE-UNIVERSITY,24 YEARS & BELOW,12
2017,F,PRE-UNIVERSITY,24 YEARS & BELOW,12
2017,MF,PRE-UNIVERSITY,25 - 29,390
2017,F,PRE-UNIVERSITY,25 - 29,263
2017,MF,PRE-UNIVERSITY,30 - 34,631
2017,F,PRE-UNIVERSITY,30 - 34,376
2017,MF,PRE-UNIVERSITY,35 - 39,662
2017,F,PRE-UNIVERSITY,35 - 39,365
2017,MF,PRE-UNIVERSITY,40 - 44,436
2017,F,PRE-UNIVERSITY,40 - 44,219
2017,MF,PRE-UNIVERSITY,45 - 49,262
2017,F,PRE-UNIVERSITY,45 - 49,119
2017,MF,PRE-UNIVERSITY,50 - 54,177
2017,F,PRE-UNIVERSITY,50 - 54,99
2017,MF,PRE-UNIVERSITY,55 & ABOVE,278
2017,F,PRE-UNIVERSITY,55 & ABOVE,182
2017,MF,PRIMARY,24 YEARS & BELOW,113
2017,F,PRIMARY,24 YEARS & BELOW,112
2017,MF,PRIMARY,25 - 29,2147
2017,F,PRIMARY,25 - 29,1903
2017,MF,PRIMARY,30 - 34,2653
2017,F,PRIMARY,30 - 34,2063
2017,MF,PRIMARY,35 - 39,3193
2017,F,PRIMARY,35 - 39,2530
2017,MF,PRIMARY,40 - 44,2917
2017,F,PRIMARY,40 - 44,2290
2017,MF,PRIMARY,45 - 49,2176
2017,F,PRIMARY,45 - 49,1722
2017,MF,PRIMARY,50 - 54,1127
2017,F,PRIMARY,50 - 54,902
2017,MF,PRIMARY,55 & ABOVE,1211
2017,F,PRIMARY,55 & ABOVE,1029
2017,MF,SECONDARY,24 YEARS & BELOW,214
2017,F,SECONDARY,24 YEARS & BELOW,212
2017,MF,SECONDARY,25 - 29,2581
2017,F,SECONDARY,25 - 29,1913
2017,MF,SECONDARY,30 - 34,3045
2017,F,SECONDARY,30 - 34,2023
2017,MF,SECONDARY,35 - 39,2743
2017,F,SECONDARY,35 - 39,1641
2017,MF,SECONDARY,40 - 44,2271
2017,F,SECONDARY,40 - 44,1253
2017,MF,SECONDARY,45 - 49,1692
2017,F,SECONDARY,45 - 49,938
2017,MF,SECONDARY,50 - 54,975
2017,F,SECONDARY,50 - 54,603
2017,MF,SECONDARY,55 & ABOVE,1257
2017,F,SECONDARY,55 & ABOVE,846
2018,MF,PRIMARY,24 YEARS & BELOW,68
2018,F,PRIMARY,24 YEARS & BELOW,67
2018,MF,PRIMARY,25 - 29,1849
2018,F,PRIMARY,25 - 29,1661
2018,MF,PRIMARY,30 - 34,2798
2018,F,PRIMARY,30 - 34,2207
2018,MF,PRIMARY,35 - 39,3205
2018,F,PRIMARY,35 - 39,2525
2018,MF,PRIMARY,40 - 44,2930
2018,F,PRIMARY,40 - 44,2300
2018,MF,PRIMARY,45 - 49,2391
2018,F,PRIMARY,45 - 49,1901
2018,MF,PRIMARY,50 - 54,1308
2018,F,PRIMARY,50 - 54,1042
2018,MF,PRIMARY,55 & ABOVE,1238
2018,F,PRIMARY,55 & ABOVE,1044
2018,MF,SECONDARY,24 YEARS & BELOW,63
2018,F,SECONDARY,24 YEARS & BELOW,62
2018,MF,SECONDARY,25 - 29,2094
2018,F,SECONDARY,25 - 29,1626
2018,MF,SECONDARY,30 - 34,2971
2018,F,SECONDARY,30 - 34,1954
2018,MF,SECONDARY,35 - 39,2707
2018,F,SECONDARY,35 - 39,1685
2018,MF,SECONDARY,40 - 44,2240
2018,F,SECONDARY,40 - 44,1246
2018,MF,SECONDARY,45 - 49,1840
2018,F,SECONDARY,45 - 49,1020
2018,MF,SECONDARY,50 - 54,1021
2018,F,SECONDARY,50 - 54,631
2018,MF,SECONDARY,55 & ABOVE,1305
2018,F,SECONDARY,55 & ABOVE,877
2018,MF,PRE-UNIVERSITY,24 YEARS & BELOW,4
2018,F,PRE-UNIVERSITY,24 YEARS & BELOW,4
2018,MF,PRE-UNIVERSITY,25 - 29,278
2018,F,PRE-UNIVERSITY,25 - 29,193
2018,MF,PRE-UNIVERSITY,30 - 34,574
2018,F,PRE-UNIVERSITY,30 - 34,336
2018,MF,PRE-UNIVERSITY,35 - 39,612
2018,F,PRE-UNIVERSITY,35 - 39,358
2018,MF,PRE-UNIVERSITY,40 - 44,438
2018,F,PRE-UNIVERSITY,40 - 44,204
2018,MF,PRE-UNIVERSITY,45 - 49,300
2018,F,PRE-UNIVERSITY,45 - 49,142
2018,MF,PRE-UNIVERSITY,50 - 54,163
2018,F,PRE-UNIVERSITY,50 - 54,80
2018,MF,PRE-UNIVERSITY,55 & ABOVE,283
2018,F,PRE-UNIVERSITY,55 & ABOVE,188
