year,sex,level_of_school,length_of_service,no_of_teachers
1987,MF,PRIMARY,0 - 4 YEARS,885
1987,F,PRIMARY,0 - 4 YEARS,774
1987,MF,SECONDARY,0 - 4 YEARS,1655
1987,F,SECONDARY,0 - 4 YEARS,1301
1987,MF,PRE-UNIVERSITY,0 - 4 YEARS,565
1987,F,PRE-UNIVERSITY,0 - 4 YEARS,377
1987,MF,PRIMARY,5 - 9 YEARS,1053
1987,F,PRIMARY,5 - 9 YEARS,961
1987,MF,SECONDARY,5 - 9 YEARS,1626
1987,F,SECONDARY,5 - 9 YEARS,1320
1987,MF,PRE-UNIVERSITY,5 - 9 YEARS,385
1987,F,PRE-UNIVERSITY,5 - 9 YEARS,262
1987,MF,PRIMARY,10 - 14 YEARS,510
1987,F,PRIMARY,10 - 14 YEARS,396
1987,MF,SECONDARY,10 - 14 YEARS,589
1987,F,SECONDARY,10 - 14 YEARS,442
1987,MF,PRE-UNIVERSITY,10 - 14 YEARS,130
1987,F,PRE-UNIVERSITY,10 - 14 YEARS,99
1987,MF,PRIMARY,15 - 19 YEARS,959
1987,F,PRIMARY,15 - 19 YEARS,782
1987,MF,SECONDARY,15 - 19 YEARS,863
1987,F,SECONDARY,15 - 19 YEARS,479
1987,MF,PRE-UNIVERSITY,15 - 19 YEARS,108
1987,F,PRE-UNIVERSITY,15 - 19 YEARS,63
1987,MF,PRIMARY,20 - 24 YEARS,3417
1987,F,PRIMARY,20 - 24 YEARS,2452
1987,MF,SECONDARY,20 - 24 YEARS,1927
1987,F,SECONDARY,20 - 24 YEARS,897
1987,MF,PRE-UNIVERSITY,20 - 24 YEARS,124
1987,F,PRE-UNIVERSITY,20 - 24 YEARS,47
1987,MF,PRIMARY,25 - 29 YEARS,2668
1987,F,PRIMARY,25 - 29 YEARS,1602
1987,MF,SECONDARY,25 - 29 YEARS,884
1987,F,SECONDARY,25 - 29 YEARS,332
1987,MF,PRE-UNIVERSITY,25 - 29 YEARS,40
1987,F,PRE-UNIVERSITY,25 - 29 YEARS,19
1987,MF,PRIMARY,30 YEARS & ABOVE,941
1987,F,PRIMARY,30 YEARS & ABOVE,461
1987,MF,SECONDARY,30 YEARS & ABOVE,389
1987,F,SECONDARY,30 YEARS & ABOVE,66
1987,MF,PRE-UNIVERSITY,30 YEARS & ABOVE,16
1987,F,PRE-UNIVERSITY,30 YEARS & ABOVE,0
1988,MF,PRIMARY,0 - 4 YEARS,745
1988,F,PRIMARY,0 - 4 YEARS,670
1988,MF,SECONDARY,0 - 4 YEARS,1243
1988,F,SECONDARY,0 - 4 YEARS,972
1988,MF,PRE-UNIVERSITY,0 - 4 YEARS,461
1988,F,PRE-UNIVERSITY,0 - 4 YEARS,297
1988,MF,PRIMARY,5 - 9 YEARS,1037
1988,F,PRIMARY,5 - 9 YEARS,931
1988,MF,SECONDARY,5 - 9 YEARS,1660
1988,F,SECONDARY,5 - 9 YEARS,1351
1988,MF,PRE-UNIVERSITY,5 - 9 YEARS,433
1988,F,PRE-UNIVERSITY,5 - 9 YEARS,301
1988,MF,PRIMARY,10 - 14 YEARS,336
1988,F,PRIMARY,10 - 14 YEARS,249
1988,MF,SECONDARY,10 - 14 YEARS,609
1988,F,SECONDARY,10 - 14 YEARS,448
1988,MF,PRE-UNIVERSITY,10 - 14 YEARS,166
1988,F,PRE-UNIVERSITY,10 - 14 YEARS,132
1988,MF,PRIMARY,15 - 19 YEARS,1002
1988,F,PRIMARY,15 - 19 YEARS,873
1988,MF,SECONDARY,15 - 19 YEARS,781
1988,F,SECONDARY,15 - 19 YEARS,494
1988,MF,PRE-UNIVERSITY,15 - 19 YEARS,118
1988,F,PRE-UNIVERSITY,15 - 19 YEARS,72
1988,MF,PRIMARY,20 - 24 YEARS,2768
1988,F,PRIMARY,20 - 24 YEARS,1995
1988,MF,SECONDARY,20 - 24 YEARS,1750
1988,F,SECONDARY,20 - 24 YEARS,835
1988,MF,PRE-UNIVERSITY,20 - 24 YEARS,124
1988,F,PRE-UNIVERSITY,20 - 24 YEARS,54
1988,MF,PRIMARY,25 - 29 YEARS,2918
1988,F,PRIMARY,25 - 29 YEARS,1812
1988,MF,SECONDARY,25 - 29 YEARS,1114
1988,F,SECONDARY,25 - 29 YEARS,439
1988,MF,PRE-UNIVERSITY,25 - 29 YEARS,54
1988,F,PRE-UNIVERSITY,25 - 29 YEARS,22
1988,MF,PRIMARY,30 YEARS & ABOVE,1386
1988,F,PRIMARY,30 YEARS & ABOVE,734
1988,MF,SECONDARY,30 YEARS & ABOVE,438
1988,F,SECONDARY,30 YEARS & ABOVE,102
1988,MF,PRE-UNIVERSITY,30 YEARS & ABOVE,16
1988,F,PRE-UNIVERSITY,30 YEARS & ABOVE,1
1989,MF,PRIMARY,0 - 4 YEARS,827
1989,F,PRIMARY,0 - 4 YEARS,750
1989,MF,SECONDARY,0 - 4 YEARS,1165
1989,F,SECONDARY,0 - 4 YEARS,940
1989,MF,PRE-UNIVERSITY,0 - 4 YEARS,485
1989,F,PRE-UNIVERSITY,0 - 4 YEARS,323
1989,MF,PRIMARY,5 - 9 YEARS,540
1989,F,PRIMARY,5 - 9 YEARS,464
1989,MF,SECONDARY,5 - 9 YEARS,1094
1989,F,SECONDARY,5 - 9 YEARS,862
1989,MF,PRE-UNIVERSITY,5 - 9 YEARS,368
1989,F,PRE-UNIVERSITY,5 - 9 YEARS,257
1989,MF,PRIMARY,10 - 14 YEARS,929
1989,F,PRIMARY,10 - 14 YEARS,833
1989,MF,SECONDARY,10 - 14 YEARS,1349
1989,F,SECONDARY,10 - 14 YEARS,1067
1989,MF,PRE-UNIVERSITY,10 - 14 YEARS,314
1989,F,PRE-UNIVERSITY,10 - 14 YEARS,226
1989,MF,PRIMARY,15 - 19 YEARS,919
1989,F,PRIMARY,15 - 19 YEARS,802
1989,MF,SECONDARY,15 - 19 YEARS,748
1989,F,SECONDARY,15 - 19 YEARS,484
1989,MF,PRE-UNIVERSITY,15 - 19 YEARS,119
1989,F,PRE-UNIVERSITY,15 - 19 YEARS,74
1989,MF,PRIMARY,20 - 24 YEARS,2132
1989,F,PRIMARY,20 - 24 YEARS,1567
1989,MF,SECONDARY,20 - 24 YEARS,1572
1989,F,SECONDARY,20 - 24 YEARS,786
1989,MF,PRE-UNIVERSITY,20 - 24 YEARS,128
1989,F,PRE-UNIVERSITY,20 - 24 YEARS,58
1989,MF,PRIMARY,25 - 29 YEARS,3109
1989,F,PRIMARY,25 - 29 YEARS,1966
1989,MF,SECONDARY,25 - 29 YEARS,1265
1989,F,SECONDARY,25 - 29 YEARS,493
1989,MF,PRE-UNIVERSITY,25 - 29 YEARS,75
1989,F,PRE-UNIVERSITY,25 - 29 YEARS,28
1989,MF,PRIMARY,30 YEARS & ABOVE,1774
1989,F,PRIMARY,30 YEARS & ABOVE,996
1989,MF,SECONDARY,30 YEARS & ABOVE,472
1989,F,SECONDARY,30 YEARS & ABOVE,132
1989,MF,PRE-UNIVERSITY,30 YEARS & ABOVE,18
1989,F,PRE-UNIVERSITY,30 YEARS & ABOVE,2
1990,MF,PRIMARY,0 - 4 YEARS,957
1990,F,PRIMARY,0 - 4 YEARS,874
1990,MF,SECONDARY,0 - 4 YEARS,1098
1990,F,SECONDARY,0 - 4 YEARS,870
1990,MF,PRE-UNIVERSITY,0 - 4 YEARS,480
1990,F,PRE-UNIVERSITY,0 - 4 YEARS,315
1990,MF,PRIMARY,5 - 9 YEARS,578
1990,F,PRIMARY,5 - 9 YEARS,500
1990,MF,SECONDARY,5 - 9 YEARS,1217
1990,F,SECONDARY,5 - 9 YEARS,952
1990,MF,PRE-UNIVERSITY,5 - 9 YEARS,395
1990,F,PRE-UNIVERSITY,5 - 9 YEARS,282
1990,MF,PRIMARY,10 - 14 YEARS,878
1990,F,PRIMARY,10 - 14 YEARS,803
1990,MF,SECONDARY,10 - 14 YEARS,1247
1990,F,SECONDARY,10 - 14 YEARS,995
1990,MF,PRE-UNIVERSITY,10 - 14 YEARS,321
1990,F,PRE-UNIVERSITY,10 - 14 YEARS,220
1990,MF,PRIMARY,15 - 19 YEARS,847
1990,F,PRIMARY,15 - 19 YEARS,726
1990,MF,SECONDARY,15 - 19 YEARS,738
1990,F,SECONDARY,15 - 19 YEARS,490
1990,MF,PRE-UNIVERSITY,15 - 19 YEARS,119
1990,F,PRE-UNIVERSITY,15 - 19 YEARS,78
1990,MF,PRIMARY,20 - 24 YEARS,1382
1990,F,PRIMARY,20 - 24 YEARS,1027
1990,MF,SECONDARY,20 - 24 YEARS,1187
1990,F,SECONDARY,20 - 24 YEARS,618
1990,MF,PRE-UNIVERSITY,20 - 24 YEARS,108
1990,F,PRE-UNIVERSITY,20 - 24 YEARS,49
1990,MF,PRIMARY,25 - 29 YEARS,3431
1990,F,PRIMARY,25 - 29 YEARS,2289
1990,MF,SECONDARY,25 - 29 YEARS,1481
1990,F,SECONDARY,25 - 29 YEARS,593
1990,MF,PRE-UNIVERSITY,25 - 29 YEARS,90
1990,F,PRE-UNIVERSITY,25 - 29 YEARS,33
1990,MF,PRIMARY,30 YEARS & ABOVE,2055
1990,F,PRIMARY,30 YEARS & ABOVE,1136
1990,MF,SECONDARY,30 YEARS & ABOVE,618
1990,F,SECONDARY,30 YEARS & ABOVE,193
1990,MF,PRE-UNIVERSITY,30 YEARS & ABOVE,27
1990,F,PRE-UNIVERSITY,30 YEARS & ABOVE,7
1991,MF,PRIMARY,0 - 4 YEARS,1022
1991,F,PRIMARY,0 - 4 YEARS,941
1991,MF,SECONDARY,0 - 4 YEARS,1003
1991,F,SECONDARY,0 - 4 YEARS,784
1991,MF,PRE-UNIVERSITY,0 - 4 YEARS,473
1991,F,PRE-UNIVERSITY,0 - 4 YEARS,324
1991,MF,PRIMARY,5 - 9 YEARS,637
1991,F,PRIMARY,5 - 9 YEARS,553
1991,MF,SECONDARY,5 - 9 YEARS,1254
1991,F,SECONDARY,5 - 9 YEARS,985
1991,MF,PRE-UNIVERSITY,5 - 9 YEARS,421
1991,F,PRE-UNIVERSITY,5 - 9 YEARS,293
1991,MF,PRIMARY,10 - 14 YEARS,834
1991,F,PRIMARY,10 - 14 YEARS,771
1991,MF,SECONDARY,10 - 14 YEARS,1277
1991,F,SECONDARY,10 - 14 YEARS,1024
1991,MF,PRE-UNIVERSITY,10 - 14 YEARS,338
1991,F,PRE-UNIVERSITY,10 - 14 YEARS,229
1991,MF,PRIMARY,15 - 19 YEARS,730
1991,F,PRIMARY,15 - 19 YEARS,625
1991,MF,SECONDARY,15 - 19 YEARS,565
1991,F,SECONDARY,15 - 19 YEARS,420
1991,MF,PRE-UNIVERSITY,15 - 19 YEARS,101
1991,F,PRE-UNIVERSITY,15 - 19 YEARS,78
1991,MF,PRIMARY,20 - 24 YEARS,1033
1991,F,PRIMARY,20 - 24 YEARS,786
1991,MF,SECONDARY,20 - 24 YEARS,1063
1991,F,SECONDARY,20 - 24 YEARS,558
1991,MF,PRE-UNIVERSITY,20 - 24 YEARS,125
1991,F,PRE-UNIVERSITY,20 - 24 YEARS,58
1991,MF,PRIMARY,25 - 29 YEARS,3274
1991,F,PRIMARY,25 - 29 YEARS,2290
1991,MF,SECONDARY,25 - 29 YEARS,1633
1991,F,SECONDARY,25 - 29 YEARS,672
1991,MF,PRE-UNIVERSITY,25 - 29 YEARS,106
1991,F,PRE-UNIVERSITY,25 - 29 YEARS,37
1991,MF,PRIMARY,30 YEARS & ABOVE,2433
1991,F,PRIMARY,30 YEARS & ABOVE,1321
1991,MF,SECONDARY,30 YEARS & ABOVE,737
1991,F,SECONDARY,30 YEARS & ABOVE,241
1991,MF,PRE-UNIVERSITY,30 YEARS & ABOVE,37
1991,F,PRE-UNIVERSITY,30 YEARS & ABOVE,15
1992,MF,PRIMARY,0 - 4 YEARS,1875
1992,F,PRIMARY,0 - 4 YEARS,1696
1992,MF,SECONDARY,0 - 4 YEARS,1153
1992,F,SECONDARY,0 - 4 YEARS,869
1992,MF,PRE-UNIVERSITY,0 - 4 YEARS,485
1992,F,PRE-UNIVERSITY,0 - 4 YEARS,316
1992,MF,PRIMARY,5 - 9 YEARS,625
1992,F,PRIMARY,5 - 9 YEARS,544
1992,MF,SECONDARY,5 - 9 YEARS,1096
1992,F,SECONDARY,5 - 9 YEARS,853
1992,MF,PRE-UNIVERSITY,5 - 9 YEARS,410
1992,F,PRE-UNIVERSITY,5 - 9 YEARS,286
1992,MF,PRIMARY,10 - 14 YEARS,883
1992,F,PRIMARY,10 - 14 YEARS,806
1992,MF,SECONDARY,10 - 14 YEARS,1373
1992,F,SECONDARY,10 - 14 YEARS,1101
1992,MF,PRE-UNIVERSITY,10 - 14 YEARS,336
1992,F,PRE-UNIVERSITY,10 - 14 YEARS,226
1992,MF,PRIMARY,15 - 19 YEARS,425
1992,F,PRIMARY,15 - 19 YEARS,355
1992,MF,SECONDARY,15 - 19 YEARS,544
1992,F,SECONDARY,15 - 19 YEARS,410
1992,MF,PRE-UNIVERSITY,15 - 19 YEARS,121
1992,F,PRE-UNIVERSITY,15 - 19 YEARS,96
1992,MF,PRIMARY,20 - 24 YEARS,857
1992,F,PRIMARY,20 - 24 YEARS,711
1992,MF,SECONDARY,20 - 24 YEARS,777
1992,F,SECONDARY,20 - 24 YEARS,436
1992,MF,PRE-UNIVERSITY,20 - 24 YEARS,104
1992,F,PRE-UNIVERSITY,20 - 24 YEARS,50
1992,MF,PRIMARY,25 - 29 YEARS,3163
1992,F,PRIMARY,25 - 29 YEARS,2294
1992,MF,SECONDARY,25 - 29 YEARS,1775
1992,F,SECONDARY,25 - 29 YEARS,804
1992,MF,PRE-UNIVERSITY,25 - 29 YEARS,120
1992,F,PRE-UNIVERSITY,25 - 29 YEARS,44
1992,MF,PRIMARY,30 YEARS & ABOVE,2801
1992,F,PRIMARY,30 YEARS & ABOVE,1534
1992,MF,SECONDARY,30 YEARS & ABOVE,870
1992,F,SECONDARY,30 YEARS & ABOVE,291
1992,MF,PRE-UNIVERSITY,30 YEARS & ABOVE,49
1992,F,PRE-UNIVERSITY,30 YEARS & ABOVE,18
1993,MF,PRIMARY,0 - 4 YEARS,2106
1993,F,PRIMARY,0 - 4 YEARS,1887
1993,MF,SECONDARY,0 - 4 YEARS,1187
1993,F,SECONDARY,0 - 4 YEARS,827
1993,MF,PRE-UNIVERSITY,0 - 4 YEARS,442
1993,F,PRE-UNIVERSITY,0 - 4 YEARS,264
1993,MF,PRIMARY,5 - 9 YEARS,767
1993,F,PRIMARY,5 - 9 YEARS,697
1993,MF,SECONDARY,5 - 9 YEARS,986
1993,F,SECONDARY,5 - 9 YEARS,790
1993,MF,PRE-UNIVERSITY,5 - 9 YEARS,392
1993,F,PRE-UNIVERSITY,5 - 9 YEARS,259
1993,MF,PRIMARY,10 - 14 YEARS,864
1993,F,PRIMARY,10 - 14 YEARS,768
1993,MF,SECONDARY,10 - 14 YEARS,1365
1993,F,SECONDARY,10 - 14 YEARS,1082
1993,MF,PRE-UNIVERSITY,10 - 14 YEARS,336
1993,F,PRE-UNIVERSITY,10 - 14 YEARS,237
1993,MF,PRIMARY,15 - 19 YEARS,262
1993,F,PRIMARY,15 - 19 YEARS,204
1993,MF,SECONDARY,15 - 19 YEARS,528
1993,F,SECONDARY,15 - 19 YEARS,384
1993,MF,PRE-UNIVERSITY,15 - 19 YEARS,155
1993,F,PRE-UNIVERSITY,15 - 19 YEARS,120
1993,MF,PRIMARY,20 - 24 YEARS,866
1993,F,PRIMARY,20 - 24 YEARS,769
1993,MF,SECONDARY,20 - 24 YEARS,728
1993,F,SECONDARY,20 - 24 YEARS,456
1993,MF,PRE-UNIVERSITY,20 - 24 YEARS,108
1993,F,PRE-UNIVERSITY,20 - 24 YEARS,63
1993,MF,PRIMARY,25 - 29 YEARS,2564
1993,F,PRIMARY,25 - 29 YEARS,1874
1993,MF,SECONDARY,25 - 29 YEARS,1635
1993,F,SECONDARY,25 - 29 YEARS,764
1993,MF,PRE-UNIVERSITY,25 - 29 YEARS,122
1993,F,PRE-UNIVERSITY,25 - 29 YEARS,45
1993,MF,PRIMARY,30 YEARS & ABOVE,3282
1993,F,PRIMARY,30 YEARS & ABOVE,1908
1993,MF,SECONDARY,30 YEARS & ABOVE,1066
1993,F,SECONDARY,30 YEARS & ABOVE,361
1993,MF,PRE-UNIVERSITY,30 YEARS & ABOVE,58
1993,F,PRE-UNIVERSITY,30 YEARS & ABOVE,15
1994,MF,PRIMARY,0 - 4 YEARS,2212
1994,F,PRIMARY,0 - 4 YEARS,1961
1994,MF,SECONDARY,0 - 4 YEARS,1654
1994,F,SECONDARY,0 - 4 YEARS,1139
1994,MF,PRE-UNIVERSITY,0 - 4 YEARS,460
1994,F,PRE-UNIVERSITY,0 - 4 YEARS,277
1994,MF,PRIMARY,5 - 9 YEARS,692
1994,F,PRIMARY,5 - 9 YEARS,631
1994,MF,SECONDARY,5 - 9 YEARS,887
1994,F,SECONDARY,5 - 9 YEARS,713
1994,MF,PRE-UNIVERSITY,5 - 9 YEARS,355
1994,F,PRE-UNIVERSITY,5 - 9 YEARS,232
1994,MF,PRIMARY,10 - 14 YEARS,407
1994,F,PRIMARY,10 - 14 YEARS,344
1994,MF,SECONDARY,10 - 14 YEARS,885
1994,F,SECONDARY,10 - 14 YEARS,677
1994,MF,PRE-UNIVERSITY,10 - 14 YEARS,262
1994,F,PRE-UNIVERSITY,10 - 14 YEARS,186
1994,MF,PRIMARY,15 - 19 YEARS,807
1994,F,PRIMARY,15 - 19 YEARS,723
1994,MF,SECONDARY,15 - 19 YEARS,1149
1994,F,SECONDARY,15 - 19 YEARS,894
1994,MF,PRE-UNIVERSITY,15 - 19 YEARS,270
1994,F,PRE-UNIVERSITY,15 - 19 YEARS,193
1994,MF,PRIMARY,20 - 24 YEARS,831
1994,F,PRIMARY,20 - 24 YEARS,734
1994,MF,SECONDARY,20 - 24 YEARS,706
1994,F,SECONDARY,20 - 24 YEARS,453
1994,MF,PRE-UNIVERSITY,20 - 24 YEARS,101
1994,F,PRE-UNIVERSITY,20 - 24 YEARS,62
1994,MF,PRIMARY,25 - 29 YEARS,1979
1994,F,PRIMARY,25 - 29 YEARS,1459
1994,MF,SECONDARY,25 - 29 YEARS,1472
1994,F,SECONDARY,25 - 29 YEARS,731
1994,MF,PRE-UNIVERSITY,25 - 29 YEARS,115
1994,F,PRE-UNIVERSITY,25 - 29 YEARS,45
1994,MF,PRIMARY,30 YEARS & ABOVE,3625
1994,F,PRIMARY,30 YEARS & ABOVE,2187
1994,MF,SECONDARY,30 YEARS & ABOVE,1237
1994,F,SECONDARY,30 YEARS & ABOVE,428
1994,MF,PRE-UNIVERSITY,30 YEARS & ABOVE,66
1994,F,PRE-UNIVERSITY,30 YEARS & ABOVE,17
1995,MF,PRIMARY,0 - 4 YEARS,2292
1995,F,PRIMARY,0 - 4 YEARS,2015
1995,MF,SECONDARY,0 - 4 YEARS,1882
1995,F,SECONDARY,0 - 4 YEARS,1218
1995,MF,PRE-UNIVERSITY,0 - 4 YEARS,417
1995,F,PRE-UNIVERSITY,0 - 4 YEARS,244
1995,MF,PRIMARY,5 - 9 YEARS,746
1995,F,PRIMARY,5 - 9 YEARS,686
1995,MF,SECONDARY,5 - 9 YEARS,894
1995,F,SECONDARY,5 - 9 YEARS,733
1995,MF,PRE-UNIVERSITY,5 - 9 YEARS,352
1995,F,PRE-UNIVERSITY,5 - 9 YEARS,224
1995,MF,PRIMARY,10 - 14 YEARS,441
1995,F,PRIMARY,10 - 14 YEARS,378
1995,MF,SECONDARY,10 - 14 YEARS,955
1995,F,SECONDARY,10 - 14 YEARS,749
1995,MF,PRE-UNIVERSITY,10 - 14 YEARS,280
1995,F,PRE-UNIVERSITY,10 - 14 YEARS,193
1995,MF,PRIMARY,15 - 19 YEARS,751
1995,F,PRIMARY,15 - 19 YEARS,693
1995,MF,SECONDARY,15 - 19 YEARS,1059
1995,F,SECONDARY,15 - 19 YEARS,822
1995,MF,PRE-UNIVERSITY,15 - 19 YEARS,270
1995,F,PRE-UNIVERSITY,15 - 19 YEARS,187
1995,MF,PRIMARY,20 - 24 YEARS,774
1995,F,PRIMARY,20 - 24 YEARS,666
1995,MF,SECONDARY,20 - 24 YEARS,693
1995,F,SECONDARY,20 - 24 YEARS,453
1995,MF,PRE-UNIVERSITY,20 - 24 YEARS,102
1995,F,PRE-UNIVERSITY,20 - 24 YEARS,67
1995,MF,PRIMARY,25 - 29 YEARS,1268
1995,F,PRIMARY,25 - 29 YEARS,942
1995,MF,SECONDARY,25 - 29 YEARS,1089
1995,F,SECONDARY,25 - 29 YEARS,568
1995,MF,PRE-UNIVERSITY,25 - 29 YEARS,95
1995,F,PRE-UNIVERSITY,25 - 29 YEARS,44
1995,MF,PRIMARY,30 YEARS & ABOVE,4084
1995,F,PRIMARY,30 YEARS & ABOVE,2603
1995,MF,SECONDARY,30 YEARS & ABOVE,1521
1995,F,SECONDARY,30 YEARS & ABOVE,555
1995,MF,PRE-UNIVERSITY,30 YEARS & ABOVE,86
1995,F,PRE-UNIVERSITY,30 YEARS & ABOVE,24
1996,MF,PRIMARY,0 - 4 YEARS,2223
1996,F,PRIMARY,0 - 4 YEARS,1947
1996,MF,SECONDARY,0 - 4 YEARS,2205
1996,F,SECONDARY,0 - 4 YEARS,1480
1996,MF,PRE-UNIVERSITY,0 - 4 YEARS,426
1996,F,PRE-UNIVERSITY,0 - 4 YEARS,233
1996,MF,PRIMARY,5 - 9 YEARS,976
1996,F,PRIMARY,5 - 9 YEARS,890
1996,MF,SECONDARY,5 - 9 YEARS,1076
1996,F,SECONDARY,5 - 9 YEARS,850
1996,MF,PRE-UNIVERSITY,5 - 9 YEARS,311
1996,F,PRE-UNIVERSITY,5 - 9 YEARS,205
1996,MF,PRIMARY,10 - 14 YEARS,476
1996,F,PRIMARY,10 - 14 YEARS,410
1996,MF,SECONDARY,10 - 14 YEARS,1176
1996,F,SECONDARY,10 - 14 YEARS,932
1996,MF,PRE-UNIVERSITY,10 - 14 YEARS,322
1996,F,PRE-UNIVERSITY,10 - 14 YEARS,217
1996,MF,PRIMARY,15 - 19 YEARS,709
1996,F,PRIMARY,15 - 19 YEARS,656
1996,MF,SECONDARY,15 - 19 YEARS,900
1996,F,SECONDARY,15 - 19 YEARS,693
1996,MF,PRE-UNIVERSITY,15 - 19 YEARS,230
1996,F,PRE-UNIVERSITY,15 - 19 YEARS,160
1996,MF,PRIMARY,20 - 24 YEARS,733
1996,F,PRIMARY,20 - 24 YEARS,631
1996,MF,SECONDARY,20 - 24 YEARS,642
1996,F,SECONDARY,20 - 24 YEARS,453
1996,MF,PRE-UNIVERSITY,20 - 24 YEARS,102
1996,F,PRE-UNIVERSITY,20 - 24 YEARS,69
1996,MF,PRIMARY,25 - 29 YEARS,928
1996,F,PRIMARY,25 - 29 YEARS,651
1996,MF,SECONDARY,25 - 29 YEARS,986
1996,F,SECONDARY,25 - 29 YEARS,494
1996,MF,PRE-UNIVERSITY,25 - 29 YEARS,99
1996,F,PRE-UNIVERSITY,25 - 29 YEARS,48
1996,MF,PRIMARY,30 YEARS & ABOVE,4118
1996,F,PRIMARY,30 YEARS & ABOVE,2683
1996,MF,SECONDARY,30 YEARS & ABOVE,1738
1996,F,SECONDARY,30 YEARS & ABOVE,670
1996,MF,PRE-UNIVERSITY,30 YEARS & ABOVE,85
1996,F,PRE-UNIVERSITY,30 YEARS & ABOVE,23
1997,MF,PRIMARY,0 - 4 YEARS,2908
1997,F,PRIMARY,0 - 4 YEARS,2462
1997,MF,SECONDARY,0 - 4 YEARS,2784
1997,F,SECONDARY,0 - 4 YEARS,1835
1997,MF,PRE-UNIVERSITY,0 - 4 YEARS,518
1997,F,PRE-UNIVERSITY,0 - 4 YEARS,275
1997,MF,PRIMARY,5 - 9 YEARS,1334
1997,F,PRIMARY,5 - 9 YEARS,1215
1997,MF,SECONDARY,5 - 9 YEARS,1009
1997,F,SECONDARY,5 - 9 YEARS,765
1997,MF,PRE-UNIVERSITY,5 - 9 YEARS,270
1997,F,PRE-UNIVERSITY,5 - 9 YEARS,172
1997,MF,PRIMARY,10 - 14 YEARS,508
1997,F,PRIMARY,10 - 14 YEARS,435
1997,MF,SECONDARY,10 - 14 YEARS,995
1997,F,SECONDARY,10 - 14 YEARS,779
1997,MF,PRE-UNIVERSITY,10 - 14 YEARS,294
1997,F,PRE-UNIVERSITY,10 - 14 YEARS,198
1997,MF,PRIMARY,15 - 19 YEARS,782
1997,F,PRIMARY,15 - 19 YEARS,726
1997,MF,SECONDARY,15 - 19 YEARS,1025
1997,F,SECONDARY,15 - 19 YEARS,816
1997,MF,PRE-UNIVERSITY,15 - 19 YEARS,251
1997,F,PRE-UNIVERSITY,15 - 19 YEARS,170
1997,MF,PRIMARY,20 - 24 YEARS,477
1997,F,PRIMARY,20 - 24 YEARS,398
1997,MF,SECONDARY,20 - 24 YEARS,561
1997,F,SECONDARY,20 - 24 YEARS,408
1997,MF,PRE-UNIVERSITY,20 - 24 YEARS,98
1997,F,PRE-UNIVERSITY,20 - 24 YEARS,75
1997,MF,PRIMARY,25 - 29 YEARS,757
1997,F,PRIMARY,25 - 29 YEARS,582
1997,MF,SECONDARY,25 - 29 YEARS,806
1997,F,SECONDARY,25 - 29 YEARS,416
1997,MF,PRE-UNIVERSITY,25 - 29 YEARS,100
1997,F,PRE-UNIVERSITY,25 - 29 YEARS,49
1997,MF,PRIMARY,30 YEARS & ABOVE,4423
1997,F,PRIMARY,30 YEARS & ABOVE,2914
1997,MF,SECONDARY,30 YEARS & ABOVE,1869
1997,F,SECONDARY,30 YEARS & ABOVE,758
1997,MF,PRE-UNIVERSITY,30 YEARS & ABOVE,93
1997,F,PRE-UNIVERSITY,30 YEARS & ABOVE,29
1998,MF,PRIMARY,0 - 4 YEARS,3167
1998,F,PRIMARY,0 - 4 YEARS,2636
1998,MF,SECONDARY,0 - 4 YEARS,3002
1998,F,SECONDARY,0 - 4 YEARS,1944
1998,MF,PRE-UNIVERSITY,0 - 4 YEARS,615
1998,F,PRE-UNIVERSITY,0 - 4 YEARS,320
1998,MF,PRIMARY,5 - 9 YEARS,1510
1998,F,PRIMARY,5 - 9 YEARS,1361
1998,MF,SECONDARY,5 - 9 YEARS,1027
1998,F,SECONDARY,5 - 9 YEARS,743
1998,MF,PRE-UNIVERSITY,5 - 9 YEARS,239
1998,F,PRE-UNIVERSITY,5 - 9 YEARS,145
1998,MF,PRIMARY,10 - 14 YEARS,609
1998,F,PRIMARY,10 - 14 YEARS,538
1998,MF,SECONDARY,10 - 14 YEARS,902
1998,F,SECONDARY,10 - 14 YEARS,728
1998,MF,PRE-UNIVERSITY,10 - 14 YEARS,272
1998,F,PRE-UNIVERSITY,10 - 14 YEARS,182
1998,MF,PRIMARY,15 - 19 YEARS,781
1998,F,PRIMARY,15 - 19 YEARS,714
1998,MF,SECONDARY,15 - 19 YEARS,1111
1998,F,SECONDARY,15 - 19 YEARS,874
1998,MF,PRE-UNIVERSITY,15 - 19 YEARS,250
1998,F,PRE-UNIVERSITY,15 - 19 YEARS,175
1998,MF,PRIMARY,20 - 24 YEARS,306
1998,F,PRIMARY,20 - 24 YEARS,245
1998,MF,SECONDARY,20 - 24 YEARS,548
1998,F,SECONDARY,20 - 24 YEARS,409
1998,MF,PRE-UNIVERSITY,20 - 24 YEARS,133
1998,F,PRE-UNIVERSITY,20 - 24 YEARS,98
1998,MF,PRIMARY,25 - 29 YEARS,788
1998,F,PRIMARY,25 - 29 YEARS,657
1998,MF,SECONDARY,25 - 29 YEARS,718
1998,F,SECONDARY,25 - 29 YEARS,409
1998,MF,PRE-UNIVERSITY,25 - 29 YEARS,105
1998,F,PRE-UNIVERSITY,25 - 29 YEARS,55
1998,MF,PRIMARY,30 YEARS & ABOVE,4245
1998,F,PRIMARY,30 YEARS & ABOVE,2819
1998,MF,SECONDARY,30 YEARS & ABOVE,1833
1998,F,SECONDARY,30 YEARS & ABOVE,746
1998,MF,PRE-UNIVERSITY,30 YEARS & ABOVE,91
1998,F,PRE-UNIVERSITY,30 YEARS & ABOVE,32
1999,MF,PRIMARY,0 - 4 YEARS,4073
1999,F,PRIMARY,0 - 4 YEARS,3331
1999,MF,SECONDARY,0 - 4 YEARS,3089
1999,F,SECONDARY,0 - 4 YEARS,1955
1999,MF,PRE-UNIVERSITY,0 - 4 YEARS,730
1999,F,PRE-UNIVERSITY,0 - 4 YEARS,377
1999,MF,PRIMARY,5 - 9 YEARS,1630
1999,F,PRIMARY,5 - 9 YEARS,1446
1999,MF,SECONDARY,5 - 9 YEARS,1273
1999,F,SECONDARY,5 - 9 YEARS,904
1999,MF,PRE-UNIVERSITY,5 - 9 YEARS,260
1999,F,PRE-UNIVERSITY,5 - 9 YEARS,154
1999,MF,PRIMARY,10 - 14 YEARS,608
1999,F,PRIMARY,10 - 14 YEARS,537
1999,MF,SECONDARY,10 - 14 YEARS,818
1999,F,SECONDARY,10 - 14 YEARS,657
1999,MF,PRE-UNIVERSITY,10 - 14 YEARS,253
1999,F,PRE-UNIVERSITY,10 - 14 YEARS,170
1999,MF,PRIMARY,15 - 19 YEARS,628
1999,F,PRIMARY,15 - 19 YEARS,571
1999,MF,SECONDARY,15 - 19 YEARS,1021
1999,F,SECONDARY,15 - 19 YEARS,794
1999,MF,PRE-UNIVERSITY,15 - 19 YEARS,226
1999,F,PRE-UNIVERSITY,15 - 19 YEARS,159
1999,MF,PRIMARY,20 - 24 YEARS,502
1999,F,PRIMARY,20 - 24 YEARS,432
1999,MF,SECONDARY,20 - 24 YEARS,623
1999,F,SECONDARY,20 - 24 YEARS,469
1999,MF,PRE-UNIVERSITY,20 - 24 YEARS,164
1999,F,PRE-UNIVERSITY,20 - 24 YEARS,116
1999,MF,PRIMARY,25 - 29 YEARS,796
1999,F,PRIMARY,25 - 29 YEARS,685
1999,MF,SECONDARY,25 - 29 YEARS,665
1999,F,SECONDARY,25 - 29 YEARS,402
1999,MF,PRE-UNIVERSITY,25 - 29 YEARS,109
1999,F,PRE-UNIVERSITY,25 - 29 YEARS,65
1999,MF,PRIMARY,30 YEARS & ABOVE,3895
1999,F,PRIMARY,30 YEARS & ABOVE,2590
1999,MF,SECONDARY,30 YEARS & ABOVE,1721
1999,F,SECONDARY,30 YEARS & ABOVE,728
1999,MF,PRE-UNIVERSITY,30 YEARS & ABOVE,99
1999,F,PRE-UNIVERSITY,30 YEARS & ABOVE,37
2000,MF,PRIMARY,0 - 4 YEARS,4580
2000,F,PRIMARY,0 - 4 YEARS,3724
2000,MF,SECONDARY,0 - 4 YEARS,3703
2000,F,SECONDARY,0 - 4 YEARS,2351
2000,MF,PRE-UNIVERSITY,0 - 4 YEARS,756
2000,F,PRE-UNIVERSITY,0 - 4 YEARS,391
2000,MF,PRIMARY,5 - 9 YEARS,1731
2000,F,PRIMARY,5 - 9 YEARS,1513
2000,MF,SECONDARY,5 - 9 YEARS,1274
2000,F,SECONDARY,5 - 9 YEARS,888
2000,MF,PRE-UNIVERSITY,5 - 9 YEARS,264
2000,F,PRE-UNIVERSITY,5 - 9 YEARS,144
2000,MF,PRIMARY,10 - 14 YEARS,685
2000,F,PRIMARY,10 - 14 YEARS,621
2000,MF,SECONDARY,10 - 14 YEARS,873
2000,F,SECONDARY,10 - 14 YEARS,696
2000,MF,PRE-UNIVERSITY,10 - 14 YEARS,258
2000,F,PRE-UNIVERSITY,10 - 14 YEARS,165
2000,MF,PRIMARY,15 - 19 YEARS,464
2000,F,PRIMARY,15 - 19 YEARS,406
2000,MF,SECONDARY,15 - 19 YEARS,870
2000,F,SECONDARY,15 - 19 YEARS,673
2000,MF,PRE-UNIVERSITY,15 - 19 YEARS,227
2000,F,PRE-UNIVERSITY,15 - 19 YEARS,161
2000,MF,PRIMARY,20 - 24 YEARS,664
2000,F,PRIMARY,20 - 24 YEARS,608
2000,MF,SECONDARY,20 - 24 YEARS,660
2000,F,SECONDARY,20 - 24 YEARS,499
2000,MF,PRE-UNIVERSITY,20 - 24 YEARS,172
2000,F,PRE-UNIVERSITY,20 - 24 YEARS,116
2000,MF,PRIMARY,25 - 29 YEARS,757
2000,F,PRIMARY,25 - 29 YEARS,629
2000,MF,SECONDARY,25 - 29 YEARS,590
2000,F,SECONDARY,25 - 29 YEARS,353
2000,MF,PRE-UNIVERSITY,25 - 29 YEARS,102
2000,F,PRE-UNIVERSITY,25 - 29 YEARS,64
2000,MF,PRIMARY,30 YEARS & ABOVE,3406
2000,F,PRIMARY,30 YEARS & ABOVE,2308
2000,MF,SECONDARY,30 YEARS & ABOVE,1492
2000,F,SECONDARY,30 YEARS & ABOVE,653
2000,MF,PRE-UNIVERSITY,30 YEARS & ABOVE,99
2000,F,PRE-UNIVERSITY,30 YEARS & ABOVE,42
2001,MF,PRIMARY,0 - 4 YEARS,4530
2001,F,PRIMARY,0 - 4 YEARS,3697
2001,MF,SECONDARY,0 - 4 YEARS,3539
2001,F,SECONDARY,0 - 4 YEARS,2223
2001,MF,PRE-UNIVERSITY,0 - 4 YEARS,742
2001,F,PRE-UNIVERSITY,0 - 4 YEARS,376
2001,MF,PRIMARY,5 - 9 YEARS,1794
2001,F,PRIMARY,5 - 9 YEARS,1554
2001,MF,SECONDARY,5 - 9 YEARS,1458
2001,F,SECONDARY,5 - 9 YEARS,980
2001,MF,PRE-UNIVERSITY,5 - 9 YEARS,278
2001,F,PRE-UNIVERSITY,5 - 9 YEARS,149
2001,MF,PRIMARY,10 - 14 YEARS,793
2001,F,PRIMARY,10 - 14 YEARS,707
2001,MF,SECONDARY,10 - 14 YEARS,800
2001,F,SECONDARY,10 - 14 YEARS,606
2001,MF,PRE-UNIVERSITY,10 - 14 YEARS,195
2001,F,PRE-UNIVERSITY,10 - 14 YEARS,122
2001,MF,PRIMARY,15 - 19 YEARS,475
2001,F,PRIMARY,15 - 19 YEARS,414
2001,MF,SECONDARY,15 - 19 YEARS,906
2001,F,SECONDARY,15 - 19 YEARS,710
2001,MF,PRE-UNIVERSITY,15 - 19 YEARS,258
2001,F,PRE-UNIVERSITY,15 - 19 YEARS,175
2001,MF,PRIMARY,20 - 24 YEARS,684
2001,F,PRIMARY,20 - 24 YEARS,642
2001,MF,SECONDARY,20 - 24 YEARS,792
2001,F,SECONDARY,20 - 24 YEARS,608
2001,MF,PRE-UNIVERSITY,20 - 24 YEARS,189
2001,F,PRE-UNIVERSITY,20 - 24 YEARS,126
2001,MF,PRIMARY,25 - 29 YEARS,682
2001,F,PRIMARY,25 - 29 YEARS,575
2001,MF,SECONDARY,25 - 29 YEARS,428
2001,F,SECONDARY,25 - 29 YEARS,306
2001,MF,PRE-UNIVERSITY,25 - 29 YEARS,81
2001,F,PRE-UNIVERSITY,25 - 29 YEARS,53
2001,MF,PRIMARY,30 YEARS & ABOVE,3053
2001,F,PRIMARY,30 YEARS & ABOVE,2142
2001,MF,SECONDARY,30 YEARS & ABOVE,1568
2001,F,SECONDARY,30 YEARS & ABOVE,713
2001,MF,PRE-UNIVERSITY,30 YEARS & ABOVE,126
2001,F,PRE-UNIVERSITY,30 YEARS & ABOVE,56
2002,MF,PRIMARY,0 - 4 YEARS,5141
2002,F,PRIMARY,0 - 4 YEARS,4193
2002,MF,SECONDARY,0 - 4 YEARS,4320
2002,F,SECONDARY,0 - 4 YEARS,2740
2002,MF,PRE-UNIVERSITY,0 - 4 YEARS,871
2002,F,PRE-UNIVERSITY,0 - 4 YEARS,447
2002,MF,PRIMARY,5 - 9 YEARS,1719
2002,F,PRIMARY,5 - 9 YEARS,1489
2002,MF,SECONDARY,5 - 9 YEARS,1433
2002,F,SECONDARY,5 - 9 YEARS,966
2002,MF,PRE-UNIVERSITY,5 - 9 YEARS,272
2002,F,PRE-UNIVERSITY,5 - 9 YEARS,141
2002,MF,PRIMARY,10 - 14 YEARS,769
2002,F,PRIMARY,10 - 14 YEARS,687
2002,MF,SECONDARY,10 - 14 YEARS,803
2002,F,SECONDARY,10 - 14 YEARS,607
2002,MF,PRE-UNIVERSITY,10 - 14 YEARS,187
2002,F,PRE-UNIVERSITY,10 - 14 YEARS,121
2002,MF,PRIMARY,15 - 19 YEARS,466
2002,F,PRIMARY,15 - 19 YEARS,406
2002,MF,SECONDARY,15 - 19 YEARS,914
2002,F,SECONDARY,15 - 19 YEARS,715
2002,MF,PRE-UNIVERSITY,15 - 19 YEARS,256
2002,F,PRE-UNIVERSITY,15 - 19 YEARS,172
2002,MF,PRIMARY,20 - 24 YEARS,661
2002,F,PRIMARY,20 - 24 YEARS,619
2002,MF,SECONDARY,20 - 24 YEARS,787
2002,F,SECONDARY,20 - 24 YEARS,607
2002,MF,PRE-UNIVERSITY,20 - 24 YEARS,185
2002,F,PRE-UNIVERSITY,20 - 24 YEARS,124
2002,MF,PRIMARY,25 - 29 YEARS,667
2002,F,PRIMARY,25 - 29 YEARS,562
2002,MF,SECONDARY,25 - 29 YEARS,422
2002,F,SECONDARY,25 - 29 YEARS,304
2002,MF,PRE-UNIVERSITY,25 - 29 YEARS,76
2002,F,PRE-UNIVERSITY,25 - 29 YEARS,49
2002,MF,PRIMARY,30 YEARS & ABOVE,2614
2002,F,PRIMARY,30 YEARS & ABOVE,1866
2002,MF,SECONDARY,30 YEARS & ABOVE,1431
2002,F,SECONDARY,30 YEARS & ABOVE,669
2002,MF,PRE-UNIVERSITY,30 YEARS & ABOVE,112
2002,F,PRE-UNIVERSITY,30 YEARS & ABOVE,50
2003,MF,PRIMARY,0 - 4 YEARS,5052
2003,F,PRIMARY,0 - 4 YEARS,4076
2003,MF,SECONDARY,0 - 4 YEARS,4524
2003,F,SECONDARY,0 - 4 YEARS,2852
2003,MF,PRE-UNIVERSITY,0 - 4 YEARS,822
2003,F,PRE-UNIVERSITY,0 - 4 YEARS,448
2003,MF,PRIMARY,5 - 9 YEARS,1893
2003,F,PRIMARY,5 - 9 YEARS,1576
2003,MF,SECONDARY,5 - 9 YEARS,2038
2003,F,SECONDARY,5 - 9 YEARS,1362
2003,MF,PRE-UNIVERSITY,5 - 9 YEARS,424
2003,F,PRE-UNIVERSITY,5 - 9 YEARS,219
2003,MF,PRIMARY,10 - 14 YEARS,1200
2003,F,PRIMARY,10 - 14 YEARS,1084
2003,MF,SECONDARY,10 - 14 YEARS,806
2003,F,SECONDARY,10 - 14 YEARS,582
2003,MF,PRE-UNIVERSITY,10 - 14 YEARS,168
2003,F,PRE-UNIVERSITY,10 - 14 YEARS,92
2003,MF,PRIMARY,15 - 19 YEARS,567
2003,F,PRIMARY,15 - 19 YEARS,508
2003,MF,SECONDARY,15 - 19 YEARS,761
2003,F,SECONDARY,15 - 19 YEARS,589
2003,MF,PRE-UNIVERSITY,15 - 19 YEARS,194
2003,F,PRE-UNIVERSITY,15 - 19 YEARS,125
2003,MF,PRIMARY,20 - 24 YEARS,737
2003,F,PRIMARY,20 - 24 YEARS,667
2003,MF,SECONDARY,20 - 24 YEARS,1050
2003,F,SECONDARY,20 - 24 YEARS,831
2003,MF,PRE-UNIVERSITY,20 - 24 YEARS,232
2003,F,PRE-UNIVERSITY,20 - 24 YEARS,164
2003,MF,PRIMARY,25 - 29 YEARS,262
2003,F,PRIMARY,25 - 29 YEARS,205
2003,MF,SECONDARY,25 - 29 YEARS,379
2003,F,SECONDARY,25 - 29 YEARS,277
2003,MF,PRE-UNIVERSITY,25 - 29 YEARS,107
2003,F,PRE-UNIVERSITY,25 - 29 YEARS,81
2003,MF,PRIMARY,30 YEARS & ABOVE,2314
2003,F,PRIMARY,30 YEARS & ABOVE,1835
2003,MF,SECONDARY,30 YEARS & ABOVE,1272
2003,F,SECONDARY,30 YEARS & ABOVE,693
2003,MF,PRE-UNIVERSITY,30 YEARS & ABOVE,112
2003,F,PRE-UNIVERSITY,30 YEARS & ABOVE,51
2004,MF,PRIMARY,0 - 4 YEARS,4868
2004,F,PRIMARY,0 - 4 YEARS,3920
2004,MF,SECONDARY,0 - 4 YEARS,4451
2004,F,SECONDARY,0 - 4 YEARS,2843
2004,MF,PRE-UNIVERSITY,0 - 4 YEARS,960
2004,F,PRE-UNIVERSITY,0 - 4 YEARS,543
2004,MF,PRIMARY,5 - 9 YEARS,2643
2004,F,PRIMARY,5 - 9 YEARS,2194
2004,MF,SECONDARY,5 - 9 YEARS,2443
2004,F,SECONDARY,5 - 9 YEARS,1555
2004,MF,PRE-UNIVERSITY,5 - 9 YEARS,483
2004,F,PRE-UNIVERSITY,5 - 9 YEARS,264
2004,MF,PRIMARY,10 - 14 YEARS,1341
2004,F,PRIMARY,10 - 14 YEARS,1179
2004,MF,SECONDARY,10 - 14 YEARS,1032
2004,F,SECONDARY,10 - 14 YEARS,751
2004,MF,PRE-UNIVERSITY,10 - 14 YEARS,202
2004,F,PRE-UNIVERSITY,10 - 14 YEARS,111
2004,MF,PRIMARY,15 - 19 YEARS,497
2004,F,PRIMARY,15 - 19 YEARS,449
2004,MF,SECONDARY,15 - 19 YEARS,687
2004,F,SECONDARY,15 - 19 YEARS,535
2004,MF,PRE-UNIVERSITY,15 - 19 YEARS,164
2004,F,PRE-UNIVERSITY,15 - 19 YEARS,107
2004,MF,PRIMARY,20 - 24 YEARS,808
2004,F,PRIMARY,20 - 24 YEARS,731
2004,MF,SECONDARY,20 - 24 YEARS,966
2004,F,SECONDARY,20 - 24 YEARS,753
2004,MF,PRE-UNIVERSITY,20 - 24 YEARS,210
2004,F,PRE-UNIVERSITY,20 - 24 YEARS,150
2004,MF,PRIMARY,25 - 29 YEARS,289
2004,F,PRIMARY,25 - 29 YEARS,237
2004,MF,SECONDARY,25 - 29 YEARS,568
2004,F,SECONDARY,25 - 29 YEARS,426
2004,MF,PRE-UNIVERSITY,25 - 29 YEARS,146
2004,F,PRE-UNIVERSITY,25 - 29 YEARS,103
2004,MF,PRIMARY,30 YEARS & ABOVE,1763
2004,F,PRIMARY,30 YEARS & ABOVE,1441
2004,MF,SECONDARY,30 YEARS & ABOVE,1093
2004,F,SECONDARY,30 YEARS & ABOVE,623
2004,MF,PRE-UNIVERSITY,30 YEARS & ABOVE,102
2004,F,PRE-UNIVERSITY,30 YEARS & ABOVE,51
2005,MF,PRIMARY,0 - 4 YEARS,4751
2005,F,PRIMARY,0 - 4 YEARS,3801
2005,MF,SECONDARY,0 - 4 YEARS,4470
2005,F,SECONDARY,0 - 4 YEARS,2887
2005,MF,PRE-UNIVERSITY,0 - 4 YEARS,1190
2005,F,PRE-UNIVERSITY,0 - 4 YEARS,676
2005,MF,PRIMARY,5 - 9 YEARS,3134
2005,F,PRIMARY,5 - 9 YEARS,2578
2005,MF,SECONDARY,5 - 9 YEARS,2728
2005,F,SECONDARY,5 - 9 YEARS,1698
2005,MF,PRE-UNIVERSITY,5 - 9 YEARS,523
2005,F,PRE-UNIVERSITY,5 - 9 YEARS,278
2005,MF,PRIMARY,10 - 14 YEARS,1430
2005,F,PRIMARY,10 - 14 YEARS,1245
2005,MF,SECONDARY,10 - 14 YEARS,1166
2005,F,SECONDARY,10 - 14 YEARS,809
2005,MF,PRE-UNIVERSITY,10 - 14 YEARS,209
2005,F,PRE-UNIVERSITY,10 - 14 YEARS,108
2005,MF,PRIMARY,15 - 19 YEARS,567
2005,F,PRIMARY,15 - 19 YEARS,513
2005,MF,SECONDARY,15 - 19 YEARS,715
2005,F,SECONDARY,15 - 19 YEARS,548
2005,MF,PRE-UNIVERSITY,15 - 19 YEARS,162
2005,F,PRE-UNIVERSITY,15 - 19 YEARS,100
2005,MF,PRIMARY,20 - 24 YEARS,794
2005,F,PRIMARY,20 - 24 YEARS,721
2005,MF,SECONDARY,20 - 24 YEARS,927
2005,F,SECONDARY,20 - 24 YEARS,722
2005,MF,PRE-UNIVERSITY,20 - 24 YEARS,210
2005,F,PRE-UNIVERSITY,20 - 24 YEARS,153
2005,MF,PRIMARY,25 - 29 YEARS,262
2005,F,PRIMARY,25 - 29 YEARS,241
2005,MF,SECONDARY,25 - 29 YEARS,626
2005,F,SECONDARY,25 - 29 YEARS,481
2005,MF,PRE-UNIVERSITY,25 - 29 YEARS,156
2005,F,PRE-UNIVERSITY,25 - 29 YEARS,103
2005,MF,PRIMARY,30 YEARS & ABOVE,1405
2005,F,PRIMARY,30 YEARS & ABOVE,1144
2005,MF,SECONDARY,30 YEARS & ABOVE,863
2005,F,SECONDARY,30 YEARS & ABOVE,522
2005,MF,PRE-UNIVERSITY,30 YEARS & ABOVE,94
2005,F,PRE-UNIVERSITY,30 YEARS & ABOVE,51
2006,MF,PRIMARY,0 - 4 YEARS,4788
2006,F,PRIMARY,0 - 4 YEARS,3834
2006,MF,SECONDARY,0 - 4 YEARS,4730
2006,F,SECONDARY,0 - 4 YEARS,3047
2006,MF,PRE-UNIVERSITY,0 - 4 YEARS,1185
2006,F,PRE-UNIVERSITY,0 - 4 YEARS,704
2006,MF,PRIMARY,5 - 9 YEARS,3299
2006,F,PRIMARY,5 - 9 YEARS,2675
2006,MF,SECONDARY,5 - 9 YEARS,2653
2006,F,SECONDARY,5 - 9 YEARS,1635
2006,MF,PRE-UNIVERSITY,5 - 9 YEARS,506
2006,F,PRE-UNIVERSITY,5 - 9 YEARS,251
2006,MF,PRIMARY,10 - 14 YEARS,1584
2006,F,PRIMARY,10 - 14 YEARS,1370
2006,MF,SECONDARY,10 - 14 YEARS,1295
2006,F,SECONDARY,10 - 14 YEARS,885
2006,MF,PRE-UNIVERSITY,10 - 14 YEARS,231
2006,F,PRE-UNIVERSITY,10 - 14 YEARS,121
2006,MF,PRIMARY,15 - 19 YEARS,746
2006,F,PRIMARY,15 - 19 YEARS,673
2006,MF,SECONDARY,15 - 19 YEARS,705
2006,F,SECONDARY,15 - 19 YEARS,522
2006,MF,PRE-UNIVERSITY,15 - 19 YEARS,153
2006,F,PRE-UNIVERSITY,15 - 19 YEARS,92
2006,MF,PRIMARY,20 - 24 YEARS,491
2006,F,PRIMARY,20 - 24 YEARS,436
2006,MF,SECONDARY,20 - 24 YEARS,784
2006,F,SECONDARY,20 - 24 YEARS,622
2006,MF,PRE-UNIVERSITY,20 - 24 YEARS,191
2006,F,PRE-UNIVERSITY,20 - 24 YEARS,132
2006,MF,PRIMARY,25 - 29 YEARS,569
2006,F,PRIMARY,25 - 29 YEARS,531
2006,MF,SECONDARY,25 - 29 YEARS,778
2006,F,SECONDARY,25 - 29 YEARS,599
2006,MF,PRE-UNIVERSITY,25 - 29 YEARS,164
2006,F,PRE-UNIVERSITY,25 - 29 YEARS,112
2006,MF,PRIMARY,30 YEARS & ABOVE,1120
2006,F,PRIMARY,30 YEARS & ABOVE,924
2006,MF,SECONDARY,30 YEARS & ABOVE,727
2006,F,SECONDARY,30 YEARS & ABOVE,477
2006,MF,PRE-UNIVERSITY,30 YEARS & ABOVE,105
2006,F,PRE-UNIVERSITY,30 YEARS & ABOVE,65
2007,MF,PRIMARY,0 - 4 YEARS,4696
2007,F,PRIMARY,0 - 4 YEARS,3712
2007,MF,SECONDARY,0 - 4 YEARS,4755
2007,F,SECONDARY,0 - 4 YEARS,3021
2007,MF,PRE-UNIVERSITY,0 - 4 YEARS,1239
2007,F,PRE-UNIVERSITY,0 - 4 YEARS,723
2007,MF,PRIMARY,5 - 9 YEARS,3616
2007,F,PRIMARY,5 - 9 YEARS,2927
2007,MF,SECONDARY,5 - 9 YEARS,2718
2007,F,SECONDARY,5 - 9 YEARS,1671
2007,MF,PRE-UNIVERSITY,5 - 9 YEARS,558
2007,F,PRE-UNIVERSITY,5 - 9 YEARS,274
2007,MF,PRIMARY,10 - 14 YEARS,1612
2007,F,PRIMARY,10 - 14 YEARS,1380
2007,MF,SECONDARY,10 - 14 YEARS,1599
2007,F,SECONDARY,10 - 14 YEARS,1076
2007,MF,PRE-UNIVERSITY,10 - 14 YEARS,300
2007,F,PRE-UNIVERSITY,10 - 14 YEARS,160
2007,MF,PRIMARY,15 - 19 YEARS,976
2007,F,PRIMARY,15 - 19 YEARS,883
2007,MF,SECONDARY,15 - 19 YEARS,663
2007,F,SECONDARY,15 - 19 YEARS,494
2007,MF,PRE-UNIVERSITY,15 - 19 YEARS,159
2007,F,PRE-UNIVERSITY,15 - 19 YEARS,92
2007,MF,PRIMARY,20 - 24 YEARS,408
2007,F,PRIMARY,20 - 24 YEARS,355
2007,MF,SECONDARY,20 - 24 YEARS,672
2007,F,SECONDARY,20 - 24 YEARS,516
2007,MF,PRE-UNIVERSITY,20 - 24 YEARS,182
2007,F,PRE-UNIVERSITY,20 - 24 YEARS,125
2007,MF,PRIMARY,25 - 29 YEARS,674
2007,F,PRIMARY,25 - 29 YEARS,622
2007,MF,SECONDARY,25 - 29 YEARS,850
2007,F,SECONDARY,25 - 29 YEARS,667
2007,MF,PRE-UNIVERSITY,25 - 29 YEARS,170
2007,F,PRE-UNIVERSITY,25 - 29 YEARS,120
2007,MF,PRIMARY,30 YEARS & ABOVE,915
2007,F,PRIMARY,30 YEARS & ABOVE,771
2007,MF,SECONDARY,30 YEARS & ABOVE,635
2007,F,SECONDARY,30 YEARS & ABOVE,430
2007,MF,PRE-UNIVERSITY,30 YEARS & ABOVE,108
2007,F,PRE-UNIVERSITY,30 YEARS & ABOVE,66
2008,MF,PRIMARY,0 - 4 YEARS,4380
2008,F,PRIMARY,0 - 4 YEARS,3420
2008,MF,SECONDARY,0 - 4 YEARS,4539
2008,F,SECONDARY,0 - 4 YEARS,2852
2008,MF,PRE-UNIVERSITY,0 - 4 YEARS,1213
2008,F,PRE-UNIVERSITY,0 - 4 YEARS,697
2008,MF,PRIMARY,5 - 9 YEARS,3984
2008,F,PRIMARY,5 - 9 YEARS,3207
2008,MF,SECONDARY,5 - 9 YEARS,3058
2008,F,SECONDARY,5 - 9 YEARS,1907
2008,MF,PRE-UNIVERSITY,5 - 9 YEARS,544
2008,F,PRE-UNIVERSITY,5 - 9 YEARS,278
2008,MF,PRIMARY,10 - 14 YEARS,1634
2008,F,PRIMARY,10 - 14 YEARS,1383
2008,MF,SECONDARY,10 - 14 YEARS,1757
2008,F,SECONDARY,10 - 14 YEARS,1151
2008,MF,PRE-UNIVERSITY,10 - 14 YEARS,346
2008,F,PRE-UNIVERSITY,10 - 14 YEARS,178
2008,MF,PRIMARY,15 - 19 YEARS,1092
2008,F,PRIMARY,15 - 19 YEARS,981
2008,MF,SECONDARY,15 - 19 YEARS,696
2008,F,SECONDARY,15 - 19 YEARS,512
2008,MF,PRE-UNIVERSITY,15 - 19 YEARS,144
2008,F,PRE-UNIVERSITY,15 - 19 YEARS,81
2008,MF,PRIMARY,20 - 24 YEARS,509
2008,F,PRIMARY,20 - 24 YEARS,459
2008,MF,SECONDARY,20 - 24 YEARS,634
2008,F,SECONDARY,20 - 24 YEARS,496
2008,MF,PRE-UNIVERSITY,20 - 24 YEARS,185
2008,F,PRE-UNIVERSITY,20 - 24 YEARS,118
2008,MF,PRIMARY,25 - 29 YEARS,685
2008,F,PRIMARY,25 - 29 YEARS,624
2008,MF,SECONDARY,25 - 29 YEARS,888
2008,F,SECONDARY,25 - 29 YEARS,690
2008,MF,PRE-UNIVERSITY,25 - 29 YEARS,182
2008,F,PRE-UNIVERSITY,25 - 29 YEARS,139
2008,MF,PRIMARY,30 YEARS & ABOVE,739
2008,F,PRIMARY,30 YEARS & ABOVE,631
2008,MF,SECONDARY,30 YEARS & ABOVE,571
2008,F,SECONDARY,30 YEARS & ABOVE,407
2008,MF,PRE-UNIVERSITY,30 YEARS & ABOVE,114
2008,F,PRE-UNIVERSITY,30 YEARS & ABOVE,73
2009,MF,PRIMARY,0 - 4 YEARS,4425
2009,F,PRIMARY,0 - 4 YEARS,3426
2009,MF,SECONDARY,0 - 4 YEARS,5163
2009,F,SECONDARY,0 - 4 YEARS,3250
2009,MF,PRE-UNIVERSITY,0 - 4 YEARS,1101
2009,F,PRE-UNIVERSITY,0 - 4 YEARS,626
2009,MF,PRIMARY,5 - 9 YEARS,4204
2009,F,PRIMARY,5 - 9 YEARS,3406
2009,MF,SECONDARY,5 - 9 YEARS,3254
2009,F,SECONDARY,5 - 9 YEARS,2099
2009,MF,PRE-UNIVERSITY,5 - 9 YEARS,646
2009,F,PRE-UNIVERSITY,5 - 9 YEARS,348
2009,MF,PRIMARY,10 - 14 YEARS,2195
2009,F,PRIMARY,10 - 14 YEARS,1854
2009,MF,SECONDARY,10 - 14 YEARS,1932
2009,F,SECONDARY,10 - 14 YEARS,1237
2009,MF,PRE-UNIVERSITY,10 - 14 YEARS,400
2009,F,PRE-UNIVERSITY,10 - 14 YEARS,212
2009,MF,PRIMARY,15 - 19 YEARS,1216
2009,F,PRIMARY,15 - 19 YEARS,1075
2009,MF,SECONDARY,15 - 19 YEARS,857
2009,F,SECONDARY,15 - 19 YEARS,636
2009,MF,PRE-UNIVERSITY,15 - 19 YEARS,181
2009,F,PRE-UNIVERSITY,15 - 19 YEARS,108
2009,MF,PRIMARY,20 - 24 YEARS,457
2009,F,PRIMARY,20 - 24 YEARS,412
2009,MF,SECONDARY,20 - 24 YEARS,572
2009,F,SECONDARY,20 - 24 YEARS,447
2009,MF,PRE-UNIVERSITY,20 - 24 YEARS,172
2009,F,PRE-UNIVERSITY,20 - 24 YEARS,104
2009,MF,PRIMARY,25 - 29 YEARS,721
2009,F,PRIMARY,25 - 29 YEARS,659
2009,MF,SECONDARY,25 - 29 YEARS,816
2009,F,SECONDARY,25 - 29 YEARS,623
2009,MF,PRE-UNIVERSITY,25 - 29 YEARS,173
2009,F,PRE-UNIVERSITY,25 - 29 YEARS,135
2009,MF,PRIMARY,30 YEARS & ABOVE,646
2009,F,PRIMARY,30 YEARS & ABOVE,573
2009,MF,SECONDARY,30 YEARS & ABOVE,620
2009,F,SECONDARY,30 YEARS & ABOVE,457
2009,MF,PRE-UNIVERSITY,30 YEARS & ABOVE,124
2009,F,PRE-UNIVERSITY,30 YEARS & ABOVE,86
2010,MF,PRIMARY,0 - 4 YEARS,4317
2010,F,PRIMARY,0 - 4 YEARS,3339
2010,MF,SECONDARY,0 - 4 YEARS,5107
2010,F,SECONDARY,0 - 4 YEARS,3280
2010,MF,PRE-UNIVERSITY,0 - 4 YEARS,1052
2010,F,PRE-UNIVERSITY,0 - 4 YEARS,590
2010,MF,PRIMARY,5 - 9 YEARS,3833
2010,F,PRIMARY,5 - 9 YEARS,3084
2010,MF,SECONDARY,5 - 9 YEARS,3212
2010,F,SECONDARY,5 - 9 YEARS,2044
2010,MF,PRE-UNIVERSITY,5 - 9 YEARS,743
2010,F,PRE-UNIVERSITY,5 - 9 YEARS,419
2010,MF,PRIMARY,10 - 14 YEARS,2516
2010,F,PRIMARY,10 - 14 YEARS,2095
2010,MF,SECONDARY,10 - 14 YEARS,2094
2010,F,SECONDARY,10 - 14 YEARS,1265
2010,MF,PRE-UNIVERSITY,10 - 14 YEARS,399
2010,F,PRE-UNIVERSITY,10 - 14 YEARS,199
2010,MF,PRIMARY,15 - 19 YEARS,1264
2010,F,PRIMARY,15 - 19 YEARS,1105
2010,MF,SECONDARY,15 - 19 YEARS,960
2010,F,SECONDARY,15 - 19 YEARS,688
2010,MF,PRE-UNIVERSITY,15 - 19 YEARS,184
2010,F,PRE-UNIVERSITY,15 - 19 YEARS,98
2010,MF,PRIMARY,20 - 24 YEARS,514
2010,F,PRIMARY,20 - 24 YEARS,467
2010,MF,SECONDARY,20 - 24 YEARS,595
2010,F,SECONDARY,20 - 24 YEARS,460
2010,MF,PRE-UNIVERSITY,20 - 24 YEARS,165
2010,F,PRE-UNIVERSITY,20 - 24 YEARS,99
2010,MF,PRIMARY,25 - 29 YEARS,719
2010,F,PRIMARY,25 - 29 YEARS,655
2010,MF,SECONDARY,25 - 29 YEARS,778
2010,F,SECONDARY,25 - 29 YEARS,587
2010,MF,PRE-UNIVERSITY,25 - 29 YEARS,174
2010,F,PRE-UNIVERSITY,25 - 29 YEARS,136
2010,MF,PRIMARY,30 YEARS & ABOVE,530
2010,F,PRIMARY,30 YEARS & ABOVE,486
2010,MF,SECONDARY,30 YEARS & ABOVE,586
2010,F,SECONDARY,30 YEARS & ABOVE,448
2010,MF,PRE-UNIVERSITY,30 YEARS & ABOVE,120
2010,F,PRE-UNIVERSITY,30 YEARS & ABOVE,86
2011,MF,PRIMARY,0 - 4 YEARS,3808
2011,F,PRIMARY,0 - 4 YEARS,2824
2011,MF,SECONDARY,0 - 4 YEARS,5131
2011,F,SECONDARY,0 - 4 YEARS,3194
2011,MF,PRE-UNIVERSITY,0 - 4 YEARS,1024
2011,F,PRE-UNIVERSITY,0 - 4 YEARS,580
2011,MF,PRIMARY,5 - 9 YEARS,4261
2011,F,PRIMARY,5 - 9 YEARS,3508
2011,MF,SECONDARY,5 - 9 YEARS,3823
2011,F,SECONDARY,5 - 9 YEARS,2502
2011,MF,PRE-UNIVERSITY,5 - 9 YEARS,795
2011,F,PRE-UNIVERSITY,5 - 9 YEARS,454
2011,MF,PRIMARY,10 - 14 YEARS,2666
2011,F,PRIMARY,10 - 14 YEARS,2191
2011,MF,SECONDARY,10 - 14 YEARS,2074
2011,F,SECONDARY,10 - 14 YEARS,1253
2011,MF,PRE-UNIVERSITY,10 - 14 YEARS,396
2011,F,PRE-UNIVERSITY,10 - 14 YEARS,190
2011,MF,PRIMARY,15 - 19 YEARS,1375
2011,F,PRIMARY,15 - 19 YEARS,1191
2011,MF,SECONDARY,15 - 19 YEARS,1063
2011,F,SECONDARY,15 - 19 YEARS,730
2011,MF,PRE-UNIVERSITY,15 - 19 YEARS,196
2011,F,PRE-UNIVERSITY,15 - 19 YEARS,108
2011,MF,PRIMARY,20 - 24 YEARS,666
2011,F,PRIMARY,20 - 24 YEARS,604
2011,MF,SECONDARY,20 - 24 YEARS,573
2011,F,SECONDARY,20 - 24 YEARS,432
2011,MF,PRE-UNIVERSITY,20 - 24 YEARS,156
2011,F,PRE-UNIVERSITY,20 - 24 YEARS,92
2011,MF,PRIMARY,25 - 29 YEARS,447
2011,F,PRIMARY,25 - 29 YEARS,401
2011,MF,SECONDARY,25 - 29 YEARS,671
2011,F,SECONDARY,25 - 29 YEARS,519
2011,MF,PRE-UNIVERSITY,25 - 29 YEARS,164
2011,F,PRE-UNIVERSITY,25 - 29 YEARS,120
2011,MF,PRIMARY,30 YEARS & ABOVE,680
2011,F,PRIMARY,30 YEARS & ABOVE,633
2011,MF,SECONDARY,30 YEARS & ABOVE,708
2011,F,SECONDARY,30 YEARS & ABOVE,543
2011,MF,PRE-UNIVERSITY,30 YEARS & ABOVE,138
2011,F,PRE-UNIVERSITY,30 YEARS & ABOVE,104
2012,MF,PRIMARY,0 - 4 YEARS,4377
2012,F,PRIMARY,0 - 4 YEARS,3411
2012,MF,SECONDARY,0 - 4 YEARS,5504
2012,F,SECONDARY,0 - 4 YEARS,3565
2012,MF,PRE-UNIVERSITY,0 - 4 YEARS,1031
2012,F,PRE-UNIVERSITY,0 - 4 YEARS,590
2012,MF,PRIMARY,5 - 9 YEARS,3666
2012,F,PRIMARY,5 - 9 YEARS,2912
2012,MF,SECONDARY,5 - 9 YEARS,3688
2012,F,SECONDARY,5 - 9 YEARS,2296
2012,MF,PRE-UNIVERSITY,5 - 9 YEARS,814
2012,F,PRE-UNIVERSITY,5 - 9 YEARS,469
2012,MF,PRIMARY,10 - 14 YEARS,2972
2012,F,PRIMARY,10 - 14 YEARS,2433
2012,MF,SECONDARY,10 - 14 YEARS,2142
2012,F,SECONDARY,10 - 14 YEARS,1281
2012,MF,PRE-UNIVERSITY,10 - 14 YEARS,404
2012,F,PRE-UNIVERSITY,10 - 14 YEARS,206
2012,MF,PRIMARY,15 - 19 YEARS,1365
2012,F,PRIMARY,15 - 19 YEARS,1179
2012,MF,SECONDARY,15 - 19 YEARS,1336
2012,F,SECONDARY,15 - 19 YEARS,896
2012,MF,PRE-UNIVERSITY,15 - 19 YEARS,230
2012,F,PRE-UNIVERSITY,15 - 19 YEARS,128
2012,MF,PRIMARY,20 - 24 YEARS,853
2012,F,PRIMARY,20 - 24 YEARS,770
2012,MF,SECONDARY,20 - 24 YEARS,574
2012,F,SECONDARY,20 - 24 YEARS,424
2012,MF,PRE-UNIVERSITY,20 - 24 YEARS,140
2012,F,PRE-UNIVERSITY,20 - 24 YEARS,81
2012,MF,PRIMARY,25 - 29 YEARS,366
2012,F,PRIMARY,25 - 29 YEARS,322
2012,MF,SECONDARY,25 - 29 YEARS,579
2012,F,SECONDARY,25 - 29 YEARS,441
2012,MF,PRE-UNIVERSITY,25 - 29 YEARS,154
2012,F,PRE-UNIVERSITY,25 - 29 YEARS,112
2012,MF,PRIMARY,30 YEARS & ABOVE,710
2012,F,PRIMARY,30 YEARS & ABOVE,662
2012,MF,SECONDARY,30 YEARS & ABOVE,751
2012,F,SECONDARY,30 YEARS & ABOVE,593
2012,MF,PRE-UNIVERSITY,30 YEARS & ABOVE,135
2012,F,PRE-UNIVERSITY,30 YEARS & ABOVE,106
2013,MF,PRIMARY,0 - 4 YEARS,4562
2013,F,PRIMARY,0 - 4 YEARS,3542
2013,MF,SECONDARY,0 - 4 YEARS,5559
2013,F,SECONDARY,0 - 4 YEARS,3555
2013,MF,PRE-UNIVERSITY,0 - 4 YEARS,1056
2013,F,PRE-UNIVERSITY,0 - 4 YEARS,610
2013,MF,PRIMARY,5 - 9 YEARS,3474
2013,F,PRIMARY,5 - 9 YEARS,2755
2013,MF,SECONDARY,5 - 9 YEARS,3586
2013,F,SECONDARY,5 - 9 YEARS,2235
2013,MF,PRE-UNIVERSITY,5 - 9 YEARS,826
2013,F,PRE-UNIVERSITY,5 - 9 YEARS,467
2013,MF,PRIMARY,10 - 14 YEARS,3278
2013,F,PRIMARY,10 - 14 YEARS,2663
2013,MF,SECONDARY,10 - 14 YEARS,2459
2013,F,SECONDARY,10 - 14 YEARS,1514
2013,MF,PRE-UNIVERSITY,10 - 14 YEARS,420
2013,F,PRE-UNIVERSITY,10 - 14 YEARS,220
2013,MF,PRIMARY,15 - 19 YEARS,1392
2013,F,PRIMARY,15 - 19 YEARS,1197
2013,MF,SECONDARY,15 - 19 YEARS,1477
2013,F,SECONDARY,15 - 19 YEARS,957
2013,MF,PRE-UNIVERSITY,15 - 19 YEARS,281
2013,F,PRE-UNIVERSITY,15 - 19 YEARS,158
2013,MF,PRIMARY,20 - 24 YEARS,968
2013,F,PRIMARY,20 - 24 YEARS,869
2013,MF,SECONDARY,20 - 24 YEARS,608
2013,F,SECONDARY,20 - 24 YEARS,434
2013,MF,PRE-UNIVERSITY,20 - 24 YEARS,114
2013,F,PRE-UNIVERSITY,20 - 24 YEARS,62
2013,MF,PRIMARY,25 - 29 YEARS,456
2013,F,PRIMARY,25 - 29 YEARS,411
2013,MF,SECONDARY,25 - 29 YEARS,573
2013,F,SECONDARY,25 - 29 YEARS,447
2013,MF,PRE-UNIVERSITY,25 - 29 YEARS,148
2013,F,PRE-UNIVERSITY,25 - 29 YEARS,90
2013,MF,PRIMARY,30 YEARS & ABOVE,658
2013,F,PRIMARY,30 YEARS & ABOVE,609
2013,MF,SECONDARY,30 YEARS & ABOVE,731
2013,F,SECONDARY,30 YEARS & ABOVE,589
2013,MF,PRE-UNIVERSITY,30 YEARS & ABOVE,153
2013,F,PRE-UNIVERSITY,30 YEARS & ABOVE,125
2014,MF,PRIMARY,0 - 4 YEARS,4007
2014,F,PRIMARY,0 - 4 YEARS,3131
2014,MF,SECONDARY,0 - 4 YEARS,5398
2014,F,SECONDARY,0 - 4 YEARS,3421
2014,MF,PRE-UNIVERSITY,0 - 4 YEARS,1031
2014,F,PRE-UNIVERSITY,0 - 4 YEARS,591
2014,MF,PRIMARY,5 - 9 YEARS,3421
2014,F,PRIMARY,5 - 9 YEARS,2678
2014,MF,SECONDARY,5 - 9 YEARS,3665
2014,F,SECONDARY,5 - 9 YEARS,2269
2014,MF,PRE-UNIVERSITY,5 - 9 YEARS,762
2014,F,PRE-UNIVERSITY,5 - 9 YEARS,437
2014,MF,PRIMARY,10 - 14 YEARS,3316
2014,F,PRIMARY,10 - 14 YEARS,2690
2014,MF,SECONDARY,10 - 14 YEARS,2566
2014,F,SECONDARY,10 - 14 YEARS,1619
2014,MF,PRE-UNIVERSITY,10 - 14 YEARS,475
2014,F,PRE-UNIVERSITY,10 - 14 YEARS,259
2014,MF,PRIMARY,15 - 19 YEARS,1778
2014,F,PRIMARY,15 - 19 YEARS,1507
2014,MF,SECONDARY,15 - 19 YEARS,1591
2014,F,SECONDARY,15 - 19 YEARS,985
2014,MF,PRE-UNIVERSITY,15 - 19 YEARS,293
2014,F,PRE-UNIVERSITY,15 - 19 YEARS,156
2014,MF,PRIMARY,20 - 24 YEARS,1040
2014,F,PRIMARY,20 - 24 YEARS,917
2014,MF,SECONDARY,20 - 24 YEARS,735
2014,F,SECONDARY,20 - 24 YEARS,537
2014,MF,PRE-UNIVERSITY,20 - 24 YEARS,150
2014,F,PRE-UNIVERSITY,20 - 24 YEARS,87
2014,MF,PRIMARY,25 - 29 YEARS,412
2014,F,PRIMARY,25 - 29 YEARS,369
2014,MF,SECONDARY,25 - 29 YEARS,505
2014,F,SECONDARY,25 - 29 YEARS,392
2014,MF,PRE-UNIVERSITY,25 - 29 YEARS,133
2014,F,PRE-UNIVERSITY,25 - 29 YEARS,76
2014,MF,PRIMARY,30 YEARS & ABOVE,709
2014,F,PRIMARY,30 YEARS & ABOVE,658
2014,MF,SECONDARY,30 YEARS & ABOVE,748
2014,F,SECONDARY,30 YEARS & ABOVE,599
2014,MF,PRE-UNIVERSITY,30 YEARS & ABOVE,163
2014,F,PRE-UNIVERSITY,30 YEARS & ABOVE,133
2015,MF,PRIMARY,0 - 4 YEARS,3867
2015,F,PRIMARY,0 - 4 YEARS,3030
2015,MF,SECONDARY,0 - 4 YEARS,4744
2015,F,SECONDARY,0 - 4 YEARS,2982
2015,MF,PRE-UNIVERSITY,0 - 4 YEARS,880
2015,F,PRE-UNIVERSITY,0 - 4 YEARS,495
2015,MF,PRIMARY,5 - 9 YEARS,3522
2015,F,PRIMARY,5 - 9 YEARS,2742
2015,MF,SECONDARY,5 - 9 YEARS,4016
2015,F,SECONDARY,5 - 9 YEARS,2538
2015,MF,PRE-UNIVERSITY,5 - 9 YEARS,743
2015,F,PRE-UNIVERSITY,5 - 9 YEARS,424
2015,MF,PRIMARY,10 - 14 YEARS,3167
2015,F,PRIMARY,10 - 14 YEARS,2565
2015,MF,SECONDARY,10 - 14 YEARS,2655
2015,F,SECONDARY,10 - 14 YEARS,1678
2015,MF,PRE-UNIVERSITY,10 - 14 YEARS,581
2015,F,PRE-UNIVERSITY,10 - 14 YEARS,323
2015,MF,PRIMARY,15 - 19 YEARS,2129
2015,F,PRIMARY,15 - 19 YEARS,1776
2015,MF,SECONDARY,15 - 19 YEARS,1746
2015,F,SECONDARY,15 - 19 YEARS,1032
2015,MF,PRE-UNIVERSITY,15 - 19 YEARS,325
2015,F,PRE-UNIVERSITY,15 - 19 YEARS,169
2015,MF,PRIMARY,20 - 24 YEARS,1110
2015,F,PRIMARY,20 - 24 YEARS,975
2015,MF,SECONDARY,20 - 24 YEARS,808
2015,F,SECONDARY,20 - 24 YEARS,571
2015,MF,PRE-UNIVERSITY,20 - 24 YEARS,162
2015,F,PRE-UNIVERSITY,20 - 24 YEARS,85
2015,MF,PRIMARY,25 - 29 YEARS,460
2015,F,PRIMARY,25 - 29 YEARS,413
2015,MF,SECONDARY,25 - 29 YEARS,513
2015,F,SECONDARY,25 - 29 YEARS,394
2015,MF,PRE-UNIVERSITY,25 - 29 YEARS,136
2015,F,PRE-UNIVERSITY,25 - 29 YEARS,77
2015,MF,PRIMARY,30 YEARS & ABOVE,659
2015,F,PRIMARY,30 YEARS & ABOVE,613
2015,MF,SECONDARY,30 YEARS & ABOVE,725
2015,F,SECONDARY,30 YEARS & ABOVE,578
2015,MF,PRE-UNIVERSITY,30 YEARS & ABOVE,157
2015,F,PRE-UNIVERSITY,30 YEARS & ABOVE,127
2016,MF,PRIMARY,0 - 4 YEARS,3594
2016,F,PRIMARY,0 - 4 YEARS,2835
2016,MF,SECONDARY,0 - 4 YEARS,4185
2016,F,SECONDARY,0 - 4 YEARS,2608
2016,MF,PRE-UNIVERSITY,0 - 4 YEARS,753
2016,F,PRE-UNIVERSITY,0 - 4 YEARS,438
2016,MF,PRIMARY,5 - 9 YEARS,3677
2016,F,PRIMARY,5 - 9 YEARS,2824
2016,MF,SECONDARY,5 - 9 YEARS,4093
2016,F,SECONDARY,5 - 9 YEARS,2594
2016,MF,PRE-UNIVERSITY,5 - 9 YEARS,742
2016,F,PRE-UNIVERSITY,5 - 9 YEARS,414
2016,MF,PRIMARY,10 - 14 YEARS,3219
2016,F,PRIMARY,10 - 14 YEARS,2604
2016,MF,SECONDARY,10 - 14 YEARS,2932
2016,F,SECONDARY,10 - 14 YEARS,1850
2016,MF,PRE-UNIVERSITY,10 - 14 YEARS,634
2016,F,PRE-UNIVERSITY,10 - 14 YEARS,363
2016,MF,PRIMARY,15 - 19 YEARS,2376
2016,F,PRIMARY,15 - 19 YEARS,1942
2016,MF,SECONDARY,15 - 19 YEARS,1743
2016,F,SECONDARY,15 - 19 YEARS,1044
2016,MF,PRE-UNIVERSITY,15 - 19 YEARS,326
2016,F,PRE-UNIVERSITY,15 - 19 YEARS,154
2016,MF,PRIMARY,20 - 24 YEARS,1254
2016,F,PRIMARY,20 - 24 YEARS,1088
2016,MF,SECONDARY,20 - 24 YEARS,915
2016,F,SECONDARY,20 - 24 YEARS,632
2016,MF,PRE-UNIVERSITY,20 - 24 YEARS,170
2016,F,PRE-UNIVERSITY,20 - 24 YEARS,101
2016,MF,PRIMARY,25 - 29 YEARS,617
2016,F,PRIMARY,25 - 29 YEARS,553
2016,MF,SECONDARY,25 - 29 YEARS,496
2016,F,SECONDARY,25 - 29 YEARS,376
2016,MF,PRE-UNIVERSITY,25 - 29 YEARS,129
2016,F,PRE-UNIVERSITY,25 - 29 YEARS,74
2016,MF,PRIMARY,30 YEARS & ABOVE,620
2016,F,PRIMARY,30 YEARS & ABOVE,571
2016,MF,SECONDARY,30 YEARS & ABOVE,732
2016,F,SECONDARY,30 YEARS & ABOVE,581
2016,MF,PRE-UNIVERSITY,30 YEARS & ABOVE,171
2016,F,PRE-UNIVERSITY,30 YEARS & ABOVE,128
2017,MF,PRIMARY,0 - 4 YEARS,2971
2017,F,PRIMARY,0 - 4 YEARS,2341
2017,MF,SECONDARY,0 - 4 YEARS,3505
2017,F,SECONDARY,0 - 4 YEARS,2164
2017,MF,PRE-UNIVERSITY,0 - 4 YEARS,602
2017,F,PRE-UNIVERSITY,0 - 4 YEARS,343
2017,MF,PRIMARY,5 - 9 YEARS,3827
2017,F,PRIMARY,5 - 9 YEARS,2966
2017,MF,SECONDARY,5 - 9 YEARS,4112
2017,F,SECONDARY,5 - 9 YEARS,2605
2017,MF,PRE-UNIVERSITY,5 - 9 YEARS,762
2017,F,PRE-UNIVERSITY,5 - 9 YEARS,432
2017,MF,PRIMARY,10 - 14 YEARS,3253
2017,F,PRIMARY,10 - 14 YEARS,2585
2017,MF,SECONDARY,10 - 14 YEARS,2967
2017,F,SECONDARY,10 - 14 YEARS,1840
2017,MF,PRE-UNIVERSITY,10 - 14 YEARS,649
2017,F,PRE-UNIVERSITY,10 - 14 YEARS,368
2017,MF,PRIMARY,15 - 19 YEARS,2741
2017,F,PRIMARY,15 - 19 YEARS,2234
2017,MF,SECONDARY,15 - 19 YEARS,1814
2017,F,SECONDARY,15 - 19 YEARS,1092
2017,MF,PRE-UNIVERSITY,15 - 19 YEARS,346
2017,F,PRE-UNIVERSITY,15 - 19 YEARS,176
2017,MF,PRIMARY,20 - 24 YEARS,1285
2017,F,PRIMARY,20 - 24 YEARS,1104
2017,MF,SECONDARY,20 - 24 YEARS,1158
2017,F,SECONDARY,20 - 24 YEARS,783
2017,MF,PRE-UNIVERSITY,20 - 24 YEARS,203
2017,F,PRE-UNIVERSITY,20 - 24 YEARS,115
2017,MF,PRIMARY,25 - 29 YEARS,818
2017,F,PRIMARY,25 - 29 YEARS,734
2017,MF,SECONDARY,25 - 29 YEARS,493
2017,F,SECONDARY,25 - 29 YEARS,375
2017,MF,PRE-UNIVERSITY,25 - 29 YEARS,113
2017,F,PRE-UNIVERSITY,25 - 29 YEARS,69
2017,MF,PRIMARY,30 YEARS & ABOVE,642
2017,F,PRIMARY,30 YEARS & ABOVE,587
2017,MF,SECONDARY,30 YEARS & ABOVE,729
2017,F,SECONDARY,30 YEARS & ABOVE,570
2017,MF,PRE-UNIVERSITY,30 YEARS & ABOVE,173
2017,F,PRE-UNIVERSITY,30 YEARS & ABOVE,132
2018,MF,PRIMARY,0 - 4 YEARS,2522
2018,F,PRIMARY,0 - 4 YEARS,2008
2018,MF,PRIMARY,5 - 9 YEARS,3993
2018,F,PRIMARY,5 - 9 YEARS,3071
2018,MF,PRIMARY,10 - 14 YEARS,3165
2018,F,PRIMARY,10 - 14 YEARS,2504
2018,MF,PRIMARY,15 - 19 YEARS,3104
2018,F,PRIMARY,15 - 19 YEARS,2520
2018,MF,PRIMARY,20 - 24 YEARS,1350
2018,F,PRIMARY,20 - 24 YEARS,1145
2018,MF,PRIMARY,25 - 29 YEARS,929
2018,F,PRIMARY,25 - 29 YEARS,835
2018,MF,PRIMARY,30 YEARS & ABOVE,724
2018,F,PRIMARY,30 YEARS & ABOVE,664
2018,MF,SECONDARY,0 - 4 YEARS,2684
2018,F,SECONDARY,0 - 4 YEARS,1668
2018,MF,SECONDARY,5 - 9 YEARS,4100
2018,F,SECONDARY,5 - 9 YEARS,2574
2018,MF,SECONDARY,10 - 14 YEARS,2888
2018,F,SECONDARY,10 - 14 YEARS,1784
2018,MF,SECONDARY,15 - 19 YEARS,2054
2018,F,SECONDARY,15 - 19 YEARS,1273
2018,MF,SECONDARY,20 - 24 YEARS,1261
2018,F,SECONDARY,20 - 24 YEARS,836
2018,MF,SECONDARY,25 - 29 YEARS,515
2018,F,SECONDARY,25 - 29 YEARS,379
2018,MF,SECONDARY,30 YEARS & ABOVE,739
2018,F,SECONDARY,30 YEARS & ABOVE,587
2018,MF,PRE-UNIVERSITY,0 - 4 YEARS,435
2018,F,PRE-UNIVERSITY,0 - 4 YEARS,240
2018,MF,PRE-UNIVERSITY,10 - 14 YEARS,623
2018,F,PRE-UNIVERSITY,10 - 14 YEARS,352
2018,MF,PRE-UNIVERSITY,15 - 19 YEARS,354
2018,F,PRE-UNIVERSITY,15 - 19 YEARS,178
2018,MF,PRE-UNIVERSITY,20 - 24 YEARS,235
2018,F,PRE-UNIVERSITY,20 - 24 YEARS,133
2018,MF,PRE-UNIVERSITY,25 - 29 YEARS,100
2018,F,PRE-UNIVERSITY,25 - 29 YEARS,56
2018,MF,PRE-UNIVERSITY,30 YEARS & ABOVE,173
2018,F,PRE-UNIVERSITY,30 YEARS & ABOVE,126
2018,MF,PRE-UNIVERSITY,5 - 9 YEARS,732
2018,F,PRE-UNIVERSITY,5 - 9 YEARS,420
